run_id,experiment,model_name,started_at,ended_at,param_ccp_alpha,param_max_depth,param_max_features,param_min_samples_leaf,param_min_samples_split,metric_cv_MAE,metric_cv_MAE_std,tag_phase,tag_stage,metric_MAE,metric_RMSE,metric_R2,metric_best_cv_MAE,param_bootstrap,param_n_estimators
be855a16,phase4_tuning,Decision Tree,2026-09-08T18:34:13.489657+00:00,2026-09-08T18:34:13.489672+00:00,0.0074908023769472,16,log2,8,22,0.3905141896568568,0.0137871275456911,phase4_tuning,cv_trial,,,,,,
fa78d94b,phase4_tuning,Decision Tree,2026-09-08T18:34:14.467739+00:00,2026-09-08T18:34:14.467756+00:00,0.0031203728088487,12,log2,4,25,0.34359056530908,0.0307925102713234,phase4_tuning,cv_trial,,,,,,
159a55b4,phase4_tuning,Decision Tree,2026-09-08T18:34:14.507665+00:00,2026-09-08T18:34:14.507682+00:00,0.013017769458977,3,0.5,6,3,0.3245397784459017,0.0294911912037085,phase4_tuning,cv_trial,,,,,,
0166c411,phase4_tuning,Decision Tree,2026-09-08T18:34:14.539691+00:00,2026-09-08T18:34:14.539705+00:00,0.003636499344142,2,0.5,12,26,0.3476753537132175,0.0330927663592437,phase4_tuning,cv_trial,,,,,,
cdefb449,phase4_tuning,Decision Tree,2026-09-08T18:34:14.572166+00:00,2026-09-08T18:34:14.572182+00:00,0.0058245828039608,11,0.5,16,16,0.3304992194399186,0.0255747112958926,phase4_tuning,cv_trial,,,,,,
2e637b86,phase4_tuning,Decision Tree,2026-09-08T18:34:14.604473+00:00,2026-09-08T18:34:14.604486+00:00,0.0091213996843407,16,0.9,19,4,0.3443676263289564,0.0331603950152316,phase4_tuning,cv_trial,,,,,,
1c41d5c4,phase4_tuning,Decision Tree,2026-09-08T18:34:14.637616+00:00,2026-09-08T18:34:14.637631+00:00,0.0171988081347264,8,0.7,9,19,0.3247494141397725,0.0596916339938099,phase4_tuning,cv_trial,,,,,,
ed536e03,phase4_tuning,Decision Tree,2026-09-08T18:34:14.672812+00:00,2026-09-08T18:34:14.672826+00:00,0.0189777107450666,15,sqrt,9,27,0.4019870928454023,0.0594351035863209,phase4_tuning,cv_trial,,,,,,
02b42e31,phase4_tuning,Decision Tree,2026-09-08T18:34:14.709263+00:00,2026-09-08T18:34:14.709277+00:00,0.0019534422801276,16,0.5,7,9,0.2539362268220096,0.052050011946244,phase4_tuning,cv_trial,,,,,,
39dc6b54,phase4_tuning,Decision Tree,2026-09-08T18:34:14.743610+00:00,2026-09-08T18:34:14.743627+00:00,0.0006877704223043,15,,4,5,0.1715050441104248,0.0585538011816148,phase4_tuning,cv_trial,,,,,,
1c7e0fd2,phase4_tuning,Decision Tree,2026-09-08T18:34:14.777663+00:00,2026-09-08T18:34:14.777676+00:00,0.0062342215217882,7,0.9,10,5,0.2896673362651465,0.0457625219016297,phase4_tuning,cv_trial,,,,,,
8f918e0f,phase4_tuning,Decision Tree,2026-09-08T18:34:14.811743+00:00,2026-09-08T18:34:14.811756+00:00,0.0036970891105105,19,sqrt,12,35,0.3659692653585322,0.0301492333633188,phase4_tuning,cv_trial,,,,,,
78060ca0,phase4_tuning,Decision Tree,2026-09-08T18:34:14.845812+00:00,2026-09-08T18:34:14.845824+00:00,0.0079030047200362,5,0.9,16,16,0.3259695048999548,0.0370879361252004,phase4_tuning,cv_trial,,,,,,
46fa7300,phase4_tuning,Decision Tree,2026-09-08T18:34:14.878523+00:00,2026-09-08T18:34:14.878537+00:00,0.0017698500410383,9,0.7,16,19,0.2874262111602124,0.0331383524593524,phase4_tuning,cv_trial,,,,,,
11b13ccb,phase4_tuning,Decision Tree,2026-09-08T18:34:14.910614+00:00,2026-09-08T18:34:14.910626+00:00,0.0107938426477815,14,,15,2,0.3456522764152144,0.0293360757843917,phase4_tuning,cv_trial,,,,,,
25b90fe1,phase4_tuning,Decision Tree,2026-09-08T18:34:14.943048+00:00,2026-09-08T18:34:14.943063+00:00,0.0003127281348238,10,,12,9,0.2783843013370868,0.0353450434767223,phase4_tuning,cv_trial,,,,,,
730005e5,phase4_tuning,Decision Tree,2026-09-08T18:34:14.974948+00:00,2026-09-08T18:34:14.974962+00:00,0.000110442342472,12,log2,17,9,0.3623205812865278,0.0387745190664256,phase4_tuning,cv_trial,,,,,,
227abddb,phase4_tuning,Decision Tree,2026-09-08T18:34:15.007494+00:00,2026-09-08T18:34:15.007508+00:00,0.0145801433608197,2,log2,5,29,0.5783237404341628,0.0123926527474804,phase4_tuning,cv_trial,,,,,,
d54d604b,phase4_tuning,Decision Tree,2026-09-08T18:34:15.039173+00:00,2026-09-08T18:34:15.039186+00:00,0.0172620685175118,9,0.5,2,34,0.3273469514207573,0.055953532780034,phase4_tuning,cv_trial,,,,,,
9ce8ec65,phase4_tuning,Decision Tree,2026-09-08T18:34:15.072166+00:00,2026-09-08T18:34:15.072179+00:00,0.0012711670057204,6,log2,12,23,0.3972568038913205,0.0437094910257625,phase4_tuning,cv_trial,,,,,,
0b8195c5,phase4_tuning,Decision Tree,2026-09-08T18:34:15.104590+00:00,2026-09-08T18:34:15.104602+00:00,0.0177442548515265,2,log2,5,15,0.5783237404341628,0.0123926527474804,phase4_tuning,cv_trial,,,,,,
b81a9150,phase4_tuning,Decision Tree,2026-09-08T18:34:15.136258+00:00,2026-09-08T18:34:15.136282+00:00,0.0169782764853216,6,sqrt,14,28,0.4330588056803123,0.0409887457105693,phase4_tuning,cv_trial,,,,,,
33022446,phase4_tuning,Decision Tree,2026-09-08T18:34:15.168774+00:00,2026-09-08T18:34:15.168784+00:00,0.0104546565876398,16,sqrt,10,14,0.3667555089327766,0.0571204593713746,phase4_tuning,cv_trial,,,,,,
b984d98d,phase4_tuning,Decision Tree,2026-09-08T18:34:15.199706+00:00,2026-09-08T18:34:15.199717+00:00,0.0040343840467079,8,,4,31,0.2351540151732329,0.0370595048226071,phase4_tuning,cv_trial,,,,,,
b7321742,phase4_tuning,Decision Tree,2026-09-08T18:34:15.233014+00:00,2026-09-08T18:34:15.233029+00:00,0.0027866290881175,8,0.7,15,30,0.2982905130149229,0.0275078356796604,phase4_tuning,cv_trial,,,,,,
b7599f25,phase4_tuning,Decision Tree,2026-09-08T18:34:15.268085+00:00,2026-09-08T18:34:15.268122+00:00,0.0045759633098324,8,log2,19,23,0.381964933474283,0.033293111125711,phase4_tuning,cv_trial,,,,,,
a2f2c749,phase4_tuning,Decision Tree,2026-09-08T18:34:15.302128+00:00,2026-09-08T18:34:15.302143+00:00,0.0176093567803051,11,0.7,6,29,0.2996385860091247,0.0408746772332257,phase4_tuning,cv_trial,,,,,,
e1fb668f,phase4_tuning,Decision Tree,2026-09-08T18:34:15.335349+00:00,2026-09-08T18:34:15.335363+00:00,0.0160734415379822,13,0.5,11,29,0.3268057715616414,0.0361698946031143,phase4_tuning,cv_trial,,,,,,
e30eba4d,phase4_tuning,Decision Tree,2026-09-08T18:34:15.369817+00:00,2026-09-08T18:34:15.369830+00:00,0.0071259567615394,2,,13,4,0.3049568009685879,0.0257559107997499,phase4_tuning,cv_trial,,,,,,
da883554,phase4_tuning,Decision Tree,2026-09-08T18:34:15.404432+00:00,2026-09-08T18:34:15.404445+00:00,0.0001390426106238,9,log2,9,38,0.3623534466934549,0.0570170091367366,phase4_tuning,cv_trial,,,,,,
aa04b70c,phase4_tuning,Decision Tree,2026-09-08T18:34:15.436602+00:00,2026-09-08T18:34:15.436616+00:00,0.0138487206578054,11,0.5,15,33,0.3287412161916019,0.0414554074722656,phase4_tuning,cv_trial,,,,,,
db1c3622,phase4_tuning,Decision Tree,2026-09-08T18:34:15.469467+00:00,2026-09-08T18:34:15.469481+00:00,0.0103758124348673,10,0.5,17,13,0.3293542711672931,0.0352404520368029,phase4_tuning,cv_trial,,,,,,
4c751839,phase4_tuning,Decision Tree,2026-09-08T18:34:15.503892+00:00,2026-09-08T18:34:15.503976+00:00,0.0050356459165072,3,log2,17,38,0.4670815809966468,0.0518939277949853,phase4_tuning,cv_trial,,,,,,
5ba79ebe,phase4_tuning,Decision Tree,2026-09-08T18:34:15.545214+00:00,2026-09-08T18:34:15.545228+00:00,0.0056968098875493,18,log2,17,3,0.3717929986771569,0.0275958987731366,phase4_tuning,cv_trial,,,,,,
12b08586,phase4_tuning,Decision Tree,2026-09-08T18:34:15.582831+00:00,2026-09-08T18:34:15.582845+00:00,0.0100535804645772,6,,1,20,0.3030525307581183,0.0292771945258322,phase4_tuning,cv_trial,,,,,,
70f23350,phase4_tuning,Decision Tree,2026-09-08T18:34:15.618830+00:00,2026-09-08T18:34:15.618843+00:00,0.0136141090310953,13,sqrt,6,33,0.361104448733366,0.0349510422744814,phase4_tuning,cv_trial,,,,,,
430cde5f,phase4_tuning,Decision Tree,2026-09-08T18:34:15.654984+00:00,2026-09-08T18:34:15.655000+00:00,0.0118539344775878,12,log2,17,39,0.388429584287717,0.0377581573604019,phase4_tuning,cv_trial,,,,,,
b1d1ea38,phase4_tuning,Decision Tree,2026-09-08T18:34:15.702582+00:00,2026-09-08T18:34:15.702597+00:00,0.007355662654385,3,0.9,11,17,0.3364148392979881,0.0307383923759634,phase4_tuning,cv_trial,,,,,,
36124d0f,phase4_tuning,Decision Tree,2026-09-08T18:34:15.749905+00:00,2026-09-08T18:34:15.749927+00:00,0.0167060499117847,7,0.7,3,21,0.3220278586695471,0.0441843125391144,phase4_tuning,cv_trial,,,,,,
26d3efa8,phase4_tuning,Decision Tree,2026-09-08T18:34:15.791973+00:00,2026-09-08T18:34:15.791988+00:00,0.0065191781040376,5,log2,3,20,0.3611905707947233,0.0318988161308766,phase4_tuning,cv_trial,,,,,,
9517b292,phase4_tuning,Decision Tree,2026-09-08T18:34:15.842745+00:00,2026-09-08T18:34:15.842765+00:00,0.0069733197458345,8,0.5,9,34,0.3235127678814739,0.0249327713136379,phase4_tuning,cv_trial,,,,,,
8c759fbd,phase4_tuning,Decision Tree,2026-09-08T18:34:15.881731+00:00,2026-09-08T18:34:15.881745+00:00,0.0079514404217504,8,sqrt,8,2,0.3547723141411932,0.0633175137444909,phase4_tuning,cv_trial,,,,,,
73906e9b,phase4_tuning,Decision Tree,2026-09-08T18:34:15.916856+00:00,2026-09-08T18:34:15.916870+00:00,0.0135138023407856,19,0.9,10,36,0.3301614084022433,0.0308339745266821,phase4_tuning,cv_trial,,,,,,
8a808565,phase4_tuning,Decision Tree,2026-09-08T18:34:15.953318+00:00,2026-09-08T18:34:15.953338+00:00,0.0045710004359459,17,sqrt,16,3,0.3802344312840833,0.0331416394296712,phase4_tuning,cv_trial,,,,,,
6c119802,phase4_tuning,Decision Tree,2026-09-08T18:34:15.990308+00:00,2026-09-08T18:34:15.990332+00:00,0.0199250739951584,13,0.7,5,33,0.320678900770267,0.0239213905642628,phase4_tuning,cv_trial,,,,,,
e30f3456,phase4_tuning,Decision Tree,2026-09-08T18:34:16.025642+00:00,2026-09-08T18:34:16.025656+00:00,0.0126620291454653,10,,3,20,0.3080354680983702,0.0343905741497243,phase4_tuning,cv_trial,,,,,,
2960cbae,phase4_tuning,Decision Tree,2026-09-08T18:34:16.060618+00:00,2026-09-08T18:34:16.060632+00:00,0.0145191135774047,4,0.5,1,25,0.3107821810038305,0.0241712581167252,phase4_tuning,cv_trial,,,,,,
3bc99a00,phase4_tuning,Decision Tree,2026-09-08T18:34:16.095975+00:00,2026-09-08T18:34:16.095989+00:00,0.0170185689753502,18,0.5,6,21,0.3302651611293788,0.0619036456846292,phase4_tuning,cv_trial,,,,,,
e722df7e,phase4_tuning,Decision Tree,2026-09-08T18:34:16.136082+00:00,2026-09-08T18:34:16.136119+00:00,0.011613732428729,17,0.9,3,26,0.3026136635701603,0.0395988180221326,phase4_tuning,cv_trial,,,,,,
9b9b21bf,phase4_tuning,Decision Tree,2026-09-08T18:34:16.176706+00:00,2026-09-08T18:34:16.176719+00:00,0.0001012316769243,15,sqrt,2,36,0.290674851047541,0.0520014914788768,phase4_tuning,cv_trial,,,,,,
8e73a0c6,phase4_tuning,Decision Tree,2026-09-08T18:34:16.218235+00:00,2026-09-08T18:34:16.218248+00:00,0.013039225190052,10,0.5,1,5,0.3207659904602433,0.0454645286669755,phase4_tuning,cv_trial,,,,,,
b69adfa7,phase4_tuning,Decision Tree,2026-09-08T18:34:16.261061+00:00,2026-09-08T18:34:16.261077+00:00,0.004744981749936,17,0.5,8,8,0.3011155024368957,0.0396303586861864,phase4_tuning,cv_trial,,,,,,
56a18789,phase4_tuning,Decision Tree,2026-09-08T18:34:16.303040+00:00,2026-09-08T18:34:16.303055+00:00,0.0144187984850425,2,0.5,19,23,0.3476753537132175,0.0330927663592437,phase4_tuning,cv_trial,,,,,,
816c1026,phase4_tuning,Decision Tree,2026-09-08T18:34:16.343383+00:00,2026-09-08T18:34:16.343398+00:00,0.0053040473536345,15,0.9,6,39,0.2600059187123854,0.0522431860130627,phase4_tuning,cv_trial,,,,,,
c19fdd5c,phase4_tuning,Decision Tree,2026-09-08T18:34:16.382967+00:00,2026-09-08T18:34:16.382981+00:00,0.0078619544933352,9,log2,2,22,0.3905284860779333,0.0398557346919715,phase4_tuning,cv_trial,,,,,,
4ff02a2b,phase4_tuning,Decision Tree,2026-09-08T18:34:16.418501+00:00,2026-09-08T18:34:16.418523+00:00,0.0100527418621038,16,,5,20,0.3018019295075169,0.0311870263871542,phase4_tuning,cv_trial,,,,,,
ada17570,phase4_tuning,Decision Tree,2026-09-08T18:34:16.455999+00:00,2026-09-08T18:34:16.456017+00:00,0.0114400839841836,18,,12,29,0.3430298075955625,0.0270009227752594,phase4_tuning,cv_trial,,,,,,
77f1d745,phase4_tuning,Decision Tree,2026-09-08T18:34:16.493224+00:00,2026-09-08T18:34:16.493237+00:00,0.0093988902798188,15,0.7,6,36,0.3134272203705152,0.022380101098512,phase4_tuning,cv_trial,,,,,,
29fbcbcf,phase4_tuning,Decision Tree,2026-09-08T18:34:16.530055+00:00,2026-09-08T18:34:16.530069+00:00,0.0149543754779482,6,0.7,17,32,0.3093939475998602,0.029508366154487,phase4_tuning,cv_trial,,,,,,
7a563161,phase4_tuning,Decision Tree,2026-09-08T18:34:16.564064+00:00,2026-09-08T18:34:16.564077+00:00,0.019272399541785,2,0.5,1,4,0.3476753537132175,0.0330927663592437,phase4_tuning,cv_trial,,,,,,
b93b4330,phase4_tuning,Decision Tree,2026-09-08T18:34:16.603209+00:00,2026-09-08T18:34:16.603223+00:00,0.0006877704223043,15,,4,5,,,phase4_tuning,best_of_search,0.216980976920992,0.3889235358064076,0.872757774823095,0.1715050441104248,,
52199863,phase4_tuning,Random Forest,2026-09-08T18:35:58.284411+00:00,2026-09-08T18:35:58.284429+00:00,,22,0.7,15,9,0.3011397615449769,0.0361062875768487,phase4_tuning,cv_trial,,,,,True,120.0
fb73a390,phase4_tuning,Random Forest,2026-09-08T18:35:58.323715+00:00,2026-09-08T18:35:58.323730+00:00,,28,log2,11,12,0.354638485479937,0.0272934082253559,phase4_tuning,cv_trial,,,,,True,187.0
352eec80,phase4_tuning,Random Forest,2026-09-08T18:35:58.356056+00:00,2026-09-08T18:35:58.356070+00:00,,6,log2,2,25,0.3195519106887214,0.0281876676534565,phase4_tuning,cv_trial,,,,,True,591.0
32bc8dd6,phase4_tuning,Random Forest,2026-09-08T18:35:58.387961+00:00,2026-09-08T18:35:58.387974+00:00,,8,sqrt,1,13,0.2376985589845476,0.0317897099718377,phase4_tuning,cv_trial,,,,,False,413.0
bb46ad5c,phase4_tuning,Random Forest,2026-09-08T18:35:58.419582+00:00,2026-09-08T18:35:58.419596+00:00,,14,,17,28,0.2924502813533692,0.037410771623539,phase4_tuning,cv_trial,,,,,False,158.0
54d01c99,phase4_tuning,Random Forest,2026-09-08T18:35:58.450964+00:00,2026-09-08T18:35:58.450976+00:00,,12,0.5,16,16,0.3105207226199987,0.0328812878269367,phase4_tuning,cv_trial,,,,,True,289.0
c8746bc0,phase4_tuning,Random Forest,2026-09-08T18:35:58.482075+00:00,2026-09-08T18:35:58.482111+00:00,,17,log2,12,4,0.329403113893466,0.0288851525433848,phase4_tuning,cv_trial,,,,,False,584.0
2aeb6121,phase4_tuning,Random Forest,2026-09-08T18:35:58.512919+00:00,2026-09-08T18:35:58.512931+00:00,,9,0.7,9,19,0.2824043574496774,0.0355651661994302,phase4_tuning,cv_trial,,,,,True,487.0
27b2051a,phase4_tuning,Random Forest,2026-09-08T18:35:58.544306+00:00,2026-09-08T18:35:58.544319+00:00,,16,sqrt,9,27,0.3336301637514632,0.0294277917787227,phase4_tuning,cv_trial,,,,,True,664.0
e9e9b045,phase4_tuning,Random Forest,2026-09-08T18:35:58.575329+00:00,2026-09-08T18:35:58.575341+00:00,,22,0.5,15,8,0.2959104449624664,0.0312397086852301,phase4_tuning,cv_trial,,,,,False,527.0
b1ab2a75,phase4_tuning,Random Forest,2026-09-08T18:35:58.607294+00:00,2026-09-08T18:35:58.607306+00:00,,10,log2,14,18,0.3799174700454631,0.0299835171557429,phase4_tuning,cv_trial,,,,,True,661.0
8930d39c,phase4_tuning,Random Forest,2026-09-08T18:35:58.641753+00:00,2026-09-08T18:35:58.641766+00:00,,6,sqrt,6,5,0.2874851742055668,0.0295172232113008,phase4_tuning,cv_trial,,,,,False,576.0
f4db2eba,phase4_tuning,Random Forest,2026-09-08T18:35:58.672798+00:00,2026-09-08T18:35:58.672810+00:00,,20,sqrt,12,35,0.3553315533784904,0.0296009041668166,phase4_tuning,cv_trial,,,,,True,301.0
dceddf36,phase4_tuning,Random Forest,2026-09-08T18:35:58.703074+00:00,2026-09-08T18:35:58.703112+00:00,,6,0.5,8,22,0.2594052939065498,0.0375568757783826,phase4_tuning,cv_trial,,,,,False,437.0
1904edc0,phase4_tuning,Random Forest,2026-09-08T18:35:58.734999+00:00,2026-09-08T18:35:58.735011+00:00,,23,sqrt,13,30,0.3583702859803396,0.0325060854831773,phase4_tuning,cv_trial,,,,,True,114.0
bd16d60c,phase4_tuning,Random Forest,2026-09-08T18:35:58.766140+00:00,2026-09-08T18:35:58.766151+00:00,,3,,7,10,0.2958430373828983,0.0339682503864461,phase4_tuning,cv_trial,,,,,True,443.0
01ee9ffb,phase4_tuning,Random Forest,2026-09-08T18:35:58.796854+00:00,2026-09-08T18:35:58.796866+00:00,,14,log2,19,18,0.4108066631271826,0.0336488055332234,phase4_tuning,cv_trial,,,,,True,491.0
137ee899,phase4_tuning,Random Forest,2026-09-08T18:35:58.826842+00:00,2026-09-08T18:35:58.826854+00:00,,5,,5,29,0.2600952705870276,0.038136408743248,phase4_tuning,cv_trial,,,,,True,234.0
eceb4c81,phase4_tuning,Random Forest,2026-09-08T18:35:58.856821+00:00,2026-09-08T18:35:58.856832+00:00,,10,0.5,2,34,0.2720829623194256,0.0329786576380151,phase4_tuning,cv_trial,,,,,True,147.0
c90ea643,phase4_tuning,Random Forest,2026-09-08T18:35:58.887421+00:00,2026-09-08T18:35:58.887432+00:00,,25,0.7,3,23,0.2472210174768148,0.0382723077144511,phase4_tuning,cv_trial,,,,,True,646.0
5252f79f,phase4_tuning,Random Forest,2026-09-08T18:35:58.918521+00:00,2026-09-08T18:35:58.918532+00:00,,5,0.7,15,15,0.301377540351198,0.0351817318186816,phase4_tuning,cv_trial,,,,,True,742.0
578e0728,phase4_tuning,Random Forest,2026-09-08T18:35:58.949573+00:00,2026-09-08T18:35:58.949585+00:00,,7,sqrt,14,28,0.3563111687134391,0.0301476797617531,phase4_tuning,cv_trial,,,,,True,492.0
55dc762b,phase4_tuning,Random Forest,2026-09-08T18:35:58.981904+00:00,2026-09-08T18:35:58.981919+00:00,,17,sqrt,10,14,0.3343037184623993,0.0305680807506748,phase4_tuning,cv_trial,,,,,True,790.0
409b42e9,phase4_tuning,Random Forest,2026-09-08T18:35:59.013300+00:00,2026-09-08T18:35:59.013312+00:00,,9,,4,31,0.2541749251322391,0.0385758284585469,phase4_tuning,cv_trial,,,,,True,584.0
9dde12be,phase4_tuning,Random Forest,2026-09-08T18:35:59.044700+00:00,2026-09-08T18:35:59.044713+00:00,,9,0.7,15,30,0.3013995995195088,0.0361687626141373,phase4_tuning,cv_trial,,,,,True,135.0
0a36e157,phase4_tuning,Random Forest,2026-09-08T18:35:59.076726+00:00,2026-09-08T18:35:59.076738+00:00,,9,log2,19,23,0.4086758471848101,0.0334088832492871,phase4_tuning,cv_trial,,,,,True,677.0
aa0854f0,phase4_tuning,Random Forest,2026-09-08T18:35:59.111304+00:00,2026-09-08T18:35:59.111317+00:00,,15,,6,29,0.2288029967520243,0.04073680180382,phase4_tuning,cv_trial,,,,,False,127.0
0442b6ff,phase4_tuning,Random Forest,2026-09-08T18:35:59.142365+00:00,2026-09-08T18:35:59.142379+00:00,,14,0.5,11,29,0.2830397186188821,0.0359926083818663,phase4_tuning,cv_trial,,,,,False,572.0
58a40048,phase4_tuning,Random Forest,2026-09-08T18:35:59.174211+00:00,2026-09-08T18:35:59.174223+00:00,,3,,13,4,0.315913652368056,0.0304147951632032,phase4_tuning,cv_trial,,,,,True,458.0
4b5a5c79,phase4_tuning,Random Forest,2026-09-08T18:35:59.206201+00:00,2026-09-08T18:35:59.206214+00:00,,10,log2,9,38,0.3286509384712254,0.0300655277925684,phase4_tuning,cv_trial,,,,,False,324.0
c6e7c431,phase4_tuning,Random Forest,2026-09-08T18:35:59.239052+00:00,2026-09-08T18:35:59.239065+00:00,,12,0.5,15,33,0.3094431926491549,0.0329190350552214,phase4_tuning,cv_trial,,,,,True,707.0
ef5d5ce5,phase4_tuning,Random Forest,2026-09-08T18:35:59.271575+00:00,2026-09-08T18:35:59.271587+00:00,,11,0.5,17,13,0.3024117934533311,0.031053715758599,phase4_tuning,cv_trial,,,,,False,609.0
a29d5211,phase4_tuning,Random Forest,2026-09-08T18:35:59.303589+00:00,2026-09-08T18:35:59.303602+00:00,,4,log2,17,38,0.4025538979469852,0.0333746451080924,phase4_tuning,cv_trial,,,,,True,724.0
d014ed51,phase4_tuning,Random Forest,2026-09-08T18:35:59.335973+00:00,2026-09-08T18:35:59.335987+00:00,,19,log2,17,3,0.3601536690861455,0.0299571819500346,phase4_tuning,cv_trial,,,,,False,741.0
e532d08f,phase4_tuning,Random Forest,2026-09-08T18:35:59.366600+00:00,2026-09-08T18:35:59.366612+00:00,,24,0.7,1,2,0.1477229404377953,0.0464697836668406,phase4_tuning,cv_trial,,,,,False,502.0
c7017e04,phase4_tuning,Random Forest,2026-09-08T18:35:59.398288+00:00,2026-09-08T18:35:59.398300+00:00,,4,0.7,12,27,0.2973224096401609,0.0311710788376431,phase4_tuning,cv_trial,,,,,False,771.0
a814698d,phase4_tuning,Random Forest,2026-09-08T18:35:59.429765+00:00,2026-09-08T18:35:59.429777+00:00,,25,0.5,11,18,0.2777031840316124,0.0365437362480353,phase4_tuning,cv_trial,,,,,False,393.0
a63694b6,phase4_tuning,Random Forest,2026-09-08T18:35:59.461067+00:00,2026-09-08T18:35:59.461107+00:00,,7,0.5,2,7,0.1817445433255238,0.0406251289791314,phase4_tuning,cv_trial,,,,,False,610.0
085e2b0d,phase4_tuning,Random Forest,2026-09-08T18:35:59.492532+00:00,2026-09-08T18:35:59.492545+00:00,,18,,9,7,0.253237320823927,0.04950641330472,phase4_tuning,cv_trial,,,,,False,563.0
433edf41,phase4_tuning,Random Forest,2026-09-08T18:35:59.523725+00:00,2026-09-08T18:35:59.523737+00:00,,5,0.5,4,20,0.2631558672553389,0.0333783488031875,phase4_tuning,cv_trial,,,,,True,445.0
18e43225,phase4_tuning,Random Forest,2026-09-08T18:35:59.558637+00:00,2026-09-08T18:35:59.558650+00:00,,21,0.5,7,34,0.2937536214126194,0.0339940335783062,phase4_tuning,cv_trial,,,,,True,739.0
b7f32955,phase4_tuning,Random Forest,2026-09-08T18:35:59.592662+00:00,2026-09-08T18:35:59.592675+00:00,,20,,11,29,0.2914152455245583,0.0392181086692003,phase4_tuning,cv_trial,,,,,True,572.0
b863fa82,phase4_tuning,Random Forest,2026-09-08T18:35:59.626470+00:00,2026-09-08T18:35:59.626482+00:00,,25,sqrt,3,8,0.2245913590250109,0.0352970063529685,phase4_tuning,cv_trial,,,,,False,243.0
0b9c54b2,phase4_tuning,Random Forest,2026-09-08T18:35:59.659780+00:00,2026-09-08T18:35:59.659792+00:00,,18,,17,3,0.2925368087733249,0.0374291575197487,phase4_tuning,cv_trial,,,,,False,403.0
46ba16f1,phase4_tuning,Random Forest,2026-09-08T18:35:59.695198+00:00,2026-09-08T18:35:59.695213+00:00,,14,0.7,5,33,0.2460558719883901,0.0372879525853599,phase4_tuning,cv_trial,,,,,False,108.0
5daba353,phase4_tuning,Random Forest,2026-09-08T18:35:59.732929+00:00,2026-09-08T18:35:59.732943+00:00,,5,log2,16,17,0.3963899153151892,0.0320745358367162,phase4_tuning,cv_trial,,,,,True,230.0
3319c9b2,phase4_tuning,Random Forest,2026-09-08T18:35:59.770261+00:00,2026-09-08T18:35:59.770280+00:00,,26,,11,9,0.2675501560567577,0.0460378561135682,phase4_tuning,cv_trial,,,,,False,519.0
225b39b2,phase4_tuning,Random Forest,2026-09-08T18:35:59.807580+00:00,2026-09-08T18:35:59.807596+00:00,,10,0.5,3,26,0.2340619308234846,0.0411971683305848,phase4_tuning,cv_trial,,,,,False,198.0
204f19ca,phase4_tuning,Random Forest,2026-09-08T18:35:59.843327+00:00,2026-09-08T18:35:59.843342+00:00,,20,sqrt,2,36,0.3166237844948429,0.028378581961099,phase4_tuning,cv_trial,,,,,True,780.0
2a4b7140,phase4_tuning,Random Forest,2026-09-08T18:35:59.879115+00:00,2026-09-08T18:35:59.879131+00:00,,3,0.5,1,15,0.2942357408476617,0.0335797464415537,phase4_tuning,cv_trial,,,,,False,376.0
0a992e03,phase4_tuning,Random Forest,2026-09-08T18:35:59.915295+00:00,2026-09-08T18:35:59.915310+00:00,,22,log2,17,34,0.3594063800279052,0.0298893885563878,phase4_tuning,cv_trial,,,,,False,787.0
3eb26555,phase4_tuning,Random Forest,2026-09-08T18:35:59.951720+00:00,2026-09-08T18:35:59.951734+00:00,,29,log2,14,31,0.3436334931118506,0.0293650626087147,phase4_tuning,cv_trial,,,,,False,137.0
190fb2a1,phase4_tuning,Random Forest,2026-09-08T18:35:59.988248+00:00,2026-09-08T18:35:59.988263+00:00,,15,log2,8,28,0.3156918214450254,0.0294443193611546,phase4_tuning,cv_trial,,,,,False,126.0
d260409e,phase4_tuning,Random Forest,2026-09-08T18:36:00.024323+00:00,2026-09-08T18:36:00.024337+00:00,,23,,15,34,0.2870737407769204,0.0384866820658292,phase4_tuning,cv_trial,,,,,False,552.0
7704d824,phase4_tuning,Random Forest,2026-09-08T18:36:00.060589+00:00,2026-09-08T18:36:00.060605+00:00,,18,log2,4,36,0.3059634306154079,0.0287922290152957,phase4_tuning,cv_trial,,,,,False,291.0
fc2b89bc,phase4_tuning,Random Forest,2026-09-08T18:36:00.096720+00:00,2026-09-08T18:36:00.096736+00:00,,19,0.5,14,7,0.3068099939104557,0.0317041719327336,phase4_tuning,cv_trial,,,,,True,198.0
c086912c,phase4_tuning,Random Forest,2026-09-08T18:36:00.135723+00:00,2026-09-08T18:36:00.135739+00:00,,11,0.7,17,32,0.2950872783455699,0.0345637595995291,phase4_tuning,cv_trial,,,,,False,198.0
e3e0d6cb,phase4_tuning,Random Forest,2026-09-08T18:36:00.172556+00:00,2026-09-08T18:36:00.172568+00:00,,3,0.5,1,4,0.2945868143991217,0.0329428463413387,phase4_tuning,cv_trial,,,,,False,227.0
f08198a8,phase4_tuning,Random Forest,2026-09-08T18:36:00.205325+00:00,2026-09-08T18:36:00.205338+00:00,,27,sqrt,3,25,0.2753735837871574,0.0309538361916328,phase4_tuning,cv_trial,,,,,False,725.0
fe5408ca,phase4_tuning,Random Forest,2026-09-08T18:36:00.238363+00:00,2026-09-08T18:36:00.238376+00:00,,17,sqrt,10,3,0.3089608867656602,0.0301497871921081,phase4_tuning,cv_trial,,,,,False,203.0
26c5f75a,phase4_tuning,Random Forest,2026-09-08T18:36:00.302395+00:00,2026-09-08T18:36:00.302410+00:00,,24,0.7,1,2,,,phase4_tuning,best_of_search,0.1704314816206871,0.311938848814761,0.9181456555429338,0.1477229404377953,False,502.0
6c1f4e55,phase4_tuning,Decision Tree,2026-09-09T15:40:09.818777+00:00,2026-09-09T15:40:09.818790+00:00,0.0074908023769472,16,log2,8,22,0.3905141896568568,0.0137871275456911,phase4_tuning,cv_trial,,,,,,
a9921b72,phase4_tuning,Decision Tree,2026-09-09T15:40:10.743126+00:00,2026-09-09T15:40:10.743144+00:00,0.0031203728088487,12,log2,4,25,0.34359056530908,0.0307925102713234,phase4_tuning,cv_trial,,,,,,
da2ca185,phase4_tuning,Decision Tree,2026-09-09T15:40:10.804027+00:00,2026-09-09T15:40:10.804041+00:00,0.013017769458977,3,0.5,6,3,0.3245397784459017,0.0294911912037085,phase4_tuning,cv_trial,,,,,,
7140e249,phase4_tuning,Decision Tree,2026-09-09T15:40:10.836740+00:00,2026-09-09T15:40:10.836755+00:00,0.003636499344142,2,0.5,12,26,0.3476753537132175,0.0330927663592437,phase4_tuning,cv_trial,,,,,,
a8a1a85d,phase4_tuning,Decision Tree,2026-09-09T15:40:10.867973+00:00,2026-09-09T15:40:10.867988+00:00,0.0058245828039608,11,0.5,16,16,0.3304992194399186,0.0255747112958926,phase4_tuning,cv_trial,,,,,,
8e163fdf,phase4_tuning,Decision Tree,2026-09-09T15:40:10.899707+00:00,2026-09-09T15:40:10.899721+00:00,0.0091213996843407,16,0.9,19,4,0.3443676263289564,0.0331603950152316,phase4_tuning,cv_trial,,,,,,
d8d1fec2,phase4_tuning,Decision Tree,2026-09-09T15:40:10.931469+00:00,2026-09-09T15:40:10.931484+00:00,0.0171988081347264,8,0.7,9,19,0.3247494141397725,0.0596916339938099,phase4_tuning,cv_trial,,,,,,
e91a5b4a,phase4_tuning,Decision Tree,2026-09-09T15:40:10.973261+00:00,2026-09-09T15:40:10.973279+00:00,0.0189777107450666,15,sqrt,9,27,0.4019870928454023,0.0594351035863209,phase4_tuning,cv_trial,,,,,,
68efaea0,phase4_tuning,Decision Tree,2026-09-09T15:40:11.007758+00:00,2026-09-09T15:40:11.007772+00:00,0.0019534422801276,16,0.5,7,9,0.2539362268220096,0.052050011946244,phase4_tuning,cv_trial,,,,,,
88ce8d4b,phase4_tuning,Decision Tree,2026-09-09T15:40:11.041537+00:00,2026-09-09T15:40:11.041552+00:00,0.0006877704223043,15,,4,5,0.1715050441104248,0.0585538011816148,phase4_tuning,cv_trial,,,,,,
944e819d,phase4_tuning,Decision Tree,2026-09-09T15:40:11.076267+00:00,2026-09-09T15:40:11.076280+00:00,0.0062342215217882,7,0.9,10,5,0.2896673362651465,0.0457625219016297,phase4_tuning,cv_trial,,,,,,
0f9c19e3,phase4_tuning,Decision Tree,2026-09-09T15:40:11.109768+00:00,2026-09-09T15:40:11.109782+00:00,0.0036970891105105,19,sqrt,12,35,0.3659692653585322,0.0301492333633188,phase4_tuning,cv_trial,,,,,,
791c7333,phase4_tuning,Decision Tree,2026-09-09T15:40:11.142665+00:00,2026-09-09T15:40:11.142679+00:00,0.0079030047200362,5,0.9,16,16,0.3259695048999548,0.0370879361252004,phase4_tuning,cv_trial,,,,,,
03103cbe,phase4_tuning,Decision Tree,2026-09-09T15:40:11.176075+00:00,2026-09-09T15:40:11.176089+00:00,0.0017698500410383,9,0.7,16,19,0.2874262111602124,0.0331383524593524,phase4_tuning,cv_trial,,,,,,
d272001b,phase4_tuning,Decision Tree,2026-09-09T15:40:11.209296+00:00,2026-09-09T15:40:11.209309+00:00,0.0107938426477815,14,,15,2,0.3456522764152144,0.0293360757843917,phase4_tuning,cv_trial,,,,,,
36ff7693,phase4_tuning,Decision Tree,2026-09-09T15:40:11.243454+00:00,2026-09-09T15:40:11.243467+00:00,0.0003127281348238,10,,12,9,0.2783843013370868,0.0353450434767223,phase4_tuning,cv_trial,,,,,,
64cb53c6,phase4_tuning,Decision Tree,2026-09-09T15:40:11.277467+00:00,2026-09-09T15:40:11.277479+00:00,0.000110442342472,12,log2,17,9,0.3623205812865278,0.0387745190664256,phase4_tuning,cv_trial,,,,,,
a0949e71,phase4_tuning,Decision Tree,2026-09-09T15:40:11.311007+00:00,2026-09-09T15:40:11.311021+00:00,0.0145801433608197,2,log2,5,29,0.5783237404341628,0.0123926527474804,phase4_tuning,cv_trial,,,,,,
23461389,phase4_tuning,Decision Tree,2026-09-09T15:40:11.343892+00:00,2026-09-09T15:40:11.343904+00:00,0.0172620685175118,9,0.5,2,34,0.3273469514207573,0.055953532780034,phase4_tuning,cv_trial,,,,,,
5450a5ad,phase4_tuning,Decision Tree,2026-09-09T15:40:11.377569+00:00,2026-09-09T15:40:11.377582+00:00,0.0012711670057204,6,log2,12,23,0.3972568038913205,0.0437094910257625,phase4_tuning,cv_trial,,,,,,
73343a84,phase4_tuning,Decision Tree,2026-09-09T15:40:11.411540+00:00,2026-09-09T15:40:11.411557+00:00,0.0177442548515265,2,log2,5,15,0.5783237404341628,0.0123926527474804,phase4_tuning,cv_trial,,,,,,
fcc09b96,phase4_tuning,Decision Tree,2026-09-09T15:40:11.445883+00:00,2026-09-09T15:40:11.445896+00:00,0.0169782764853216,6,sqrt,14,28,0.4330588056803123,0.0409887457105693,phase4_tuning,cv_trial,,,,,,
0c72b36d,phase4_tuning,Decision Tree,2026-09-09T15:40:11.481061+00:00,2026-09-09T15:40:11.481076+00:00,0.0104546565876398,16,sqrt,10,14,0.3667555089327766,0.0571204593713746,phase4_tuning,cv_trial,,,,,,
d57ff9e5,phase4_tuning,Decision Tree,2026-09-09T15:40:11.514897+00:00,2026-09-09T15:40:11.514916+00:00,0.0040343840467079,8,,4,31,0.2351540151732329,0.0370595048226071,phase4_tuning,cv_trial,,,,,,
d8da2c53,phase4_tuning,Decision Tree,2026-09-09T15:40:11.549533+00:00,2026-09-09T15:40:11.549546+00:00,0.0027866290881175,8,0.7,15,30,0.2982905130149229,0.0275078356796604,phase4_tuning,cv_trial,,,,,,
bb1a3f02,phase4_tuning,Decision Tree,2026-09-09T15:40:11.583738+00:00,2026-09-09T15:40:11.583752+00:00,0.0045759633098324,8,log2,19,23,0.381964933474283,0.033293111125711,phase4_tuning,cv_trial,,,,,,
12de412a,phase4_tuning,Decision Tree,2026-09-09T15:40:11.616696+00:00,2026-09-09T15:40:11.616711+00:00,0.0176093567803051,11,0.7,6,29,0.2996385860091247,0.0408746772332257,phase4_tuning,cv_trial,,,,,,
f3121315,phase4_tuning,Decision Tree,2026-09-09T15:40:11.650788+00:00,2026-09-09T15:40:11.650804+00:00,0.0160734415379822,13,0.5,11,29,0.3268057715616414,0.0361698946031143,phase4_tuning,cv_trial,,,,,,
85cc7a6a,phase4_tuning,Decision Tree,2026-09-09T15:40:11.684652+00:00,2026-09-09T15:40:11.684667+00:00,0.0071259567615394,2,,13,4,0.3049568009685879,0.0257559107997499,phase4_tuning,cv_trial,,,,,,
0f40ab17,phase4_tuning,Decision Tree,2026-09-09T15:40:11.718598+00:00,2026-09-09T15:40:11.718613+00:00,0.0001390426106238,9,log2,9,38,0.3623534466934549,0.0570170091367366,phase4_tuning,cv_trial,,,,,,
39bca837,phase4_tuning,Decision Tree,2026-09-09T15:40:11.752764+00:00,2026-09-09T15:40:11.752779+00:00,0.0138487206578054,11,0.5,15,33,0.3287412161916019,0.0414554074722656,phase4_tuning,cv_trial,,,,,,
a6e25b82,phase4_tuning,Decision Tree,2026-09-09T15:40:11.787306+00:00,2026-09-09T15:40:11.787319+00:00,0.0103758124348673,10,0.5,17,13,0.3293542711672931,0.0352404520368029,phase4_tuning,cv_trial,,,,,,
5b228de9,phase4_tuning,Decision Tree,2026-09-09T15:40:11.823258+00:00,2026-09-09T15:40:11.823271+00:00,0.0050356459165072,3,log2,17,38,0.4670815809966468,0.0518939277949853,phase4_tuning,cv_trial,,,,,,
eeb02140,phase4_tuning,Decision Tree,2026-09-09T15:40:11.857294+00:00,2026-09-09T15:40:11.857307+00:00,0.0056968098875493,18,log2,17,3,0.3717929986771569,0.0275958987731366,phase4_tuning,cv_trial,,,,,,
719a74da,phase4_tuning,Decision Tree,2026-09-09T15:40:11.890822+00:00,2026-09-09T15:40:11.890836+00:00,0.0100535804645772,6,,1,20,0.3030525307581183,0.0292771945258322,phase4_tuning,cv_trial,,,,,,
589ade18,phase4_tuning,Decision Tree,2026-09-09T15:40:11.924915+00:00,2026-09-09T15:40:11.924929+00:00,0.0136141090310953,13,sqrt,6,33,0.361104448733366,0.0349510422744814,phase4_tuning,cv_trial,,,,,,
83769702,phase4_tuning,Decision Tree,2026-09-09T15:40:11.962322+00:00,2026-09-09T15:40:11.962337+00:00,0.0118539344775878,12,log2,17,39,0.388429584287717,0.0377581573604019,phase4_tuning,cv_trial,,,,,,
8199c439,phase4_tuning,Decision Tree,2026-09-09T15:40:12.002512+00:00,2026-09-09T15:40:12.002527+00:00,0.007355662654385,3,0.9,11,17,0.3364148392979881,0.0307383923759634,phase4_tuning,cv_trial,,,,,,
7337a383,phase4_tuning,Decision Tree,2026-09-09T15:40:12.044413+00:00,2026-09-09T15:40:12.044427+00:00,0.0167060499117847,7,0.7,3,21,0.3220278586695471,0.0441843125391144,phase4_tuning,cv_trial,,,,,,
2de72756,phase4_tuning,Decision Tree,2026-09-09T15:40:12.080413+00:00,2026-09-09T15:40:12.080426+00:00,0.0065191781040376,5,log2,3,20,0.3611905707947233,0.0318988161308766,phase4_tuning,cv_trial,,,,,,
2c5db642,phase4_tuning,Decision Tree,2026-09-09T15:40:12.118045+00:00,2026-09-09T15:40:12.118059+00:00,0.0069733197458345,8,0.5,9,34,0.3235127678814739,0.0249327713136379,phase4_tuning,cv_trial,,,,,,
37f9c274,phase4_tuning,Decision Tree,2026-09-09T15:40:12.156635+00:00,2026-09-09T15:40:12.156649+00:00,0.0079514404217504,8,sqrt,8,2,0.3547723141411932,0.0633175137444909,phase4_tuning,cv_trial,,,,,,
55e98fe2,phase4_tuning,Decision Tree,2026-09-09T15:40:12.193722+00:00,2026-09-09T15:40:12.193736+00:00,0.0135138023407856,19,0.9,10,36,0.3301614084022433,0.0308339745266821,phase4_tuning,cv_trial,,,,,,
6a3baba5,phase4_tuning,Decision Tree,2026-09-09T15:40:12.230652+00:00,2026-09-09T15:40:12.230664+00:00,0.0045710004359459,17,sqrt,16,3,0.3802344312840833,0.0331416394296712,phase4_tuning,cv_trial,,,,,,
b5a3c923,phase4_tuning,Decision Tree,2026-09-09T15:40:12.268741+00:00,2026-09-09T15:40:12.268757+00:00,0.0199250739951584,13,0.7,5,33,0.320678900770267,0.0239213905642628,phase4_tuning,cv_trial,,,,,,
108ee708,phase4_tuning,Decision Tree,2026-09-09T15:40:12.305820+00:00,2026-09-09T15:40:12.305833+00:00,0.0126620291454653,10,,3,20,0.3080354680983702,0.0343905741497243,phase4_tuning,cv_trial,,,,,,
5682d93c,phase4_tuning,Decision Tree,2026-09-09T15:40:12.343042+00:00,2026-09-09T15:40:12.343057+00:00,0.0145191135774047,4,0.5,1,25,0.3107821810038305,0.0241712581167252,phase4_tuning,cv_trial,,,,,,
3e83583b,phase4_tuning,Decision Tree,2026-09-09T15:40:12.383123+00:00,2026-09-09T15:40:12.383137+00:00,0.0170185689753502,18,0.5,6,21,0.3302651611293788,0.0619036456846292,phase4_tuning,cv_trial,,,,,,
9e8aa549,phase4_tuning,Decision Tree,2026-09-09T15:40:12.423076+00:00,2026-09-09T15:40:12.423091+00:00,0.011613732428729,17,0.9,3,26,0.3026136635701603,0.0395988180221326,phase4_tuning,cv_trial,,,,,,
8fd7ce6a,phase4_tuning,Decision Tree,2026-09-09T15:40:12.460280+00:00,2026-09-09T15:40:12.460296+00:00,0.0001012316769243,15,sqrt,2,36,0.290674851047541,0.0520014914788768,phase4_tuning,cv_trial,,,,,,
d8ac25d4,phase4_tuning,Decision Tree,2026-09-09T15:40:12.498547+00:00,2026-09-09T15:40:12.498561+00:00,0.013039225190052,10,0.5,1,5,0.3207659904602433,0.0454645286669755,phase4_tuning,cv_trial,,,,,,
6d48b801,phase4_tuning,Decision Tree,2026-09-09T15:40:12.536165+00:00,2026-09-09T15:40:12.536179+00:00,0.004744981749936,17,0.5,8,8,0.3011155024368957,0.0396303586861864,phase4_tuning,cv_trial,,,,,,
3df04f42,phase4_tuning,Decision Tree,2026-09-09T15:40:12.571762+00:00,2026-09-09T15:40:12.571776+00:00,0.0144187984850425,2,0.5,19,23,0.3476753537132175,0.0330927663592437,phase4_tuning,cv_trial,,,,,,
705df2bb,phase4_tuning,Decision Tree,2026-09-09T15:40:12.607455+00:00,2026-09-09T15:40:12.607469+00:00,0.0053040473536345,15,0.9,6,39,0.2600059187123854,0.0522431860130627,phase4_tuning,cv_trial,,,,,,
33588463,phase4_tuning,Decision Tree,2026-09-09T15:40:12.642261+00:00,2026-09-09T15:40:12.642276+00:00,0.0078619544933352,9,log2,2,22,0.3905284860779333,0.0398557346919715,phase4_tuning,cv_trial,,,,,,
a6dc24d9,phase4_tuning,Decision Tree,2026-09-09T15:40:12.676294+00:00,2026-09-09T15:40:12.676308+00:00,0.0100527418621038,16,,5,20,0.3018019295075169,0.0311870263871542,phase4_tuning,cv_trial,,,,,,
6368f9c0,phase4_tuning,Decision Tree,2026-09-09T15:40:12.710539+00:00,2026-09-09T15:40:12.710552+00:00,0.0114400839841836,18,,12,29,0.3430298075955625,0.0270009227752594,phase4_tuning,cv_trial,,,,,,
cde1ae41,phase4_tuning,Decision Tree,2026-09-09T15:40:12.747688+00:00,2026-09-09T15:40:12.747703+00:00,0.0093988902798188,15,0.7,6,36,0.3134272203705152,0.022380101098512,phase4_tuning,cv_trial,,,,,,
75182e0d,phase4_tuning,Decision Tree,2026-09-09T15:40:12.786592+00:00,2026-09-09T15:40:12.786605+00:00,0.0149543754779482,6,0.7,17,32,0.3093939475998602,0.029508366154487,phase4_tuning,cv_trial,,,,,,
4d590653,phase4_tuning,Decision Tree,2026-09-09T15:40:12.826161+00:00,2026-09-09T15:40:12.826175+00:00,0.019272399541785,2,0.5,1,4,0.3476753537132175,0.0330927663592437,phase4_tuning,cv_trial,,,,,,
e41930bc,phase4_tuning,Decision Tree,2026-09-09T15:40:12.868435+00:00,2026-09-09T15:40:12.868447+00:00,0.0006877704223043,15,,4,5,,,phase4_tuning,best_of_search,0.216980976920992,0.3889235358064076,0.872757774823095,0.1715050441104248,,
605819ab,phase4_tuning,Random Forest,2026-09-09T15:41:50.020315+00:00,2026-09-09T15:41:50.020332+00:00,,22,0.7,15,9,0.3011397615449769,0.0361062875768487,phase4_tuning,cv_trial,,,,,True,120.0
af82fbcb,phase4_tuning,Random Forest,2026-09-09T15:41:50.054628+00:00,2026-09-09T15:41:50.054643+00:00,,28,log2,11,12,0.354638485479937,0.0272934082253559,phase4_tuning,cv_trial,,,,,True,187.0
a6f3bc68,phase4_tuning,Random Forest,2026-09-09T15:41:50.085300+00:00,2026-09-09T15:41:50.085312+00:00,,6,log2,2,25,0.3195519106887214,0.0281876676534565,phase4_tuning,cv_trial,,,,,True,591.0
870b7aa4,phase4_tuning,Random Forest,2026-09-09T15:41:50.115516+00:00,2026-09-09T15:41:50.115529+00:00,,8,sqrt,1,13,0.2376985589845476,0.0317897099718377,phase4_tuning,cv_trial,,,,,False,413.0
a03ce01e,phase4_tuning,Random Forest,2026-09-09T15:41:50.143644+00:00,2026-09-09T15:41:50.143656+00:00,,14,,17,28,0.2924502813533692,0.037410771623539,phase4_tuning,cv_trial,,,,,False,158.0
6dd9ee80,phase4_tuning,Random Forest,2026-09-09T15:41:50.172221+00:00,2026-09-09T15:41:50.172242+00:00,,12,0.5,16,16,0.3105207226199987,0.0328812878269367,phase4_tuning,cv_trial,,,,,True,289.0
bd865b8b,phase4_tuning,Random Forest,2026-09-09T15:41:50.201408+00:00,2026-09-09T15:41:50.201420+00:00,,17,log2,12,4,0.329403113893466,0.0288851525433848,phase4_tuning,cv_trial,,,,,False,584.0
588eeadc,phase4_tuning,Random Forest,2026-09-09T15:41:50.231091+00:00,2026-09-09T15:41:50.231103+00:00,,9,0.7,9,19,0.2824043574496774,0.0355651661994302,phase4_tuning,cv_trial,,,,,True,487.0
376440c7,phase4_tuning,Random Forest,2026-09-09T15:41:50.262258+00:00,2026-09-09T15:41:50.262272+00:00,,16,sqrt,9,27,0.3336301637514632,0.0294277917787227,phase4_tuning,cv_trial,,,,,True,664.0
e3ead37c,phase4_tuning,Random Forest,2026-09-09T15:41:50.292904+00:00,2026-09-09T15:41:50.292916+00:00,,22,0.5,15,8,0.2959104449624664,0.0312397086852301,phase4_tuning,cv_trial,,,,,False,527.0
5c4ef8ce,phase4_tuning,Random Forest,2026-09-09T15:41:50.324145+00:00,2026-09-09T15:41:50.324158+00:00,,10,log2,14,18,0.3799174700454631,0.0299835171557429,phase4_tuning,cv_trial,,,,,True,661.0
9050b627,phase4_tuning,Random Forest,2026-09-09T15:41:50.354301+00:00,2026-09-09T15:41:50.354314+00:00,,6,sqrt,6,5,0.2874851742055668,0.0295172232113008,phase4_tuning,cv_trial,,,,,False,576.0
ed1e9057,phase4_tuning,Random Forest,2026-09-09T15:41:50.385147+00:00,2026-09-09T15:41:50.385160+00:00,,20,sqrt,12,35,0.3553315533784904,0.0296009041668166,phase4_tuning,cv_trial,,,,,True,301.0
45817ed2,phase4_tuning,Random Forest,2026-09-09T15:41:50.416483+00:00,2026-09-09T15:41:50.416496+00:00,,6,0.5,8,22,0.2594052939065498,0.0375568757783826,phase4_tuning,cv_trial,,,,,False,437.0
71ca0581,phase4_tuning,Random Forest,2026-09-09T15:41:50.447238+00:00,2026-09-09T15:41:50.447251+00:00,,23,sqrt,13,30,0.3583702859803396,0.0325060854831773,phase4_tuning,cv_trial,,,,,True,114.0
aeb1f8f1,phase4_tuning,Random Forest,2026-09-09T15:41:50.477854+00:00,2026-09-09T15:41:50.477867+00:00,,3,,7,10,0.2958430373828983,0.0339682503864461,phase4_tuning,cv_trial,,,,,True,443.0
154e7c3c,phase4_tuning,Random Forest,2026-09-09T15:41:50.508038+00:00,2026-09-09T15:41:50.508050+00:00,,14,log2,19,18,0.4108066631271826,0.0336488055332234,phase4_tuning,cv_trial,,,,,True,491.0
ef8f8465,phase4_tuning,Random Forest,2026-09-09T15:41:50.537644+00:00,2026-09-09T15:41:50.537656+00:00,,5,,5,29,0.2600952705870276,0.038136408743248,phase4_tuning,cv_trial,,,,,True,234.0
570369e3,phase4_tuning,Random Forest,2026-09-09T15:41:50.571107+00:00,2026-09-09T15:41:50.571120+00:00,,10,0.5,2,34,0.2720829623194256,0.0329786576380151,phase4_tuning,cv_trial,,,,,True,147.0
f9424ee2,phase4_tuning,Random Forest,2026-09-09T15:41:50.603342+00:00,2026-09-09T15:41:50.603354+00:00,,25,0.7,3,23,0.2472210174768148,0.0382723077144511,phase4_tuning,cv_trial,,,,,True,646.0
50fa7bb9,phase4_tuning,Random Forest,2026-09-09T15:41:50.635428+00:00,2026-09-09T15:41:50.635441+00:00,,5,0.7,15,15,0.301377540351198,0.0351817318186816,phase4_tuning,cv_trial,,,,,True,742.0
b7ff42ac,phase4_tuning,Random Forest,2026-09-09T15:41:50.666771+00:00,2026-09-09T15:41:50.666784+00:00,,7,sqrt,14,28,0.3563111687134391,0.0301476797617531,phase4_tuning,cv_trial,,,,,True,492.0
3b143841,phase4_tuning,Random Forest,2026-09-09T15:41:50.698069+00:00,2026-09-09T15:41:50.698081+00:00,,17,sqrt,10,14,0.3343037184623993,0.0305680807506748,phase4_tuning,cv_trial,,,,,True,790.0
63a75f36,phase4_tuning,Random Forest,2026-09-09T15:41:50.727813+00:00,2026-09-09T15:41:50.727824+00:00,,9,,4,31,0.2541749251322391,0.0385758284585469,phase4_tuning,cv_trial,,,,,True,584.0
3045f504,phase4_tuning,Random Forest,2026-09-09T15:41:50.758190+00:00,2026-09-09T15:41:50.758202+00:00,,9,0.7,15,30,0.3013995995195088,0.0361687626141373,phase4_tuning,cv_trial,,,,,True,135.0
4b92ecc2,phase4_tuning,Random Forest,2026-09-09T15:41:50.790055+00:00,2026-09-09T15:41:50.790068+00:00,,9,log2,19,23,0.4086758471848101,0.0334088832492871,phase4_tuning,cv_trial,,,,,True,677.0
1cdcc5c9,phase4_tuning,Random Forest,2026-09-09T15:41:50.821554+00:00,2026-09-09T15:41:50.821567+00:00,,15,,6,29,0.2288029967520243,0.04073680180382,phase4_tuning,cv_trial,,,,,False,127.0
0e4bca09,phase4_tuning,Random Forest,2026-09-09T15:41:50.852399+00:00,2026-09-09T15:41:50.852411+00:00,,14,0.5,11,29,0.2830397186188821,0.0359926083818663,phase4_tuning,cv_trial,,,,,False,572.0
c61dcf3d,phase4_tuning,Random Forest,2026-09-09T15:41:50.883741+00:00,2026-09-09T15:41:50.883753+00:00,,3,,13,4,0.315913652368056,0.0304147951632032,phase4_tuning,cv_trial,,,,,True,458.0
0f743ea7,phase4_tuning,Random Forest,2026-09-09T15:41:50.915315+00:00,2026-09-09T15:41:50.915328+00:00,,10,log2,9,38,0.3286509384712254,0.0300655277925684,phase4_tuning,cv_trial,,,,,False,324.0
c6c521ac,phase4_tuning,Random Forest,2026-09-09T15:41:50.948055+00:00,2026-09-09T15:41:50.948070+00:00,,12,0.5,15,33,0.3094431926491549,0.0329190350552214,phase4_tuning,cv_trial,,,,,True,707.0
bf6fc441,phase4_tuning,Random Forest,2026-09-09T15:41:50.983393+00:00,2026-09-09T15:41:50.983408+00:00,,11,0.5,17,13,0.3024117934533311,0.031053715758599,phase4_tuning,cv_trial,,,,,False,609.0
fa556281,phase4_tuning,Random Forest,2026-09-09T15:41:51.018059+00:00,2026-09-09T15:41:51.018075+00:00,,4,log2,17,38,0.4025538979469852,0.0333746451080924,phase4_tuning,cv_trial,,,,,True,724.0
da828460,phase4_tuning,Random Forest,2026-09-09T15:41:51.053294+00:00,2026-09-09T15:41:51.053309+00:00,,19,log2,17,3,0.3601536690861455,0.0299571819500346,phase4_tuning,cv_trial,,,,,False,741.0
44696fdc,phase4_tuning,Random Forest,2026-09-09T15:41:51.087443+00:00,2026-09-09T15:41:51.087458+00:00,,24,0.7,1,2,0.1477229404377953,0.0464697836668406,phase4_tuning,cv_trial,,,,,False,502.0
8196f44c,phase4_tuning,Random Forest,2026-09-09T15:41:51.121611+00:00,2026-09-09T15:41:51.121627+00:00,,4,0.7,12,27,0.2973224096401609,0.0311710788376431,phase4_tuning,cv_trial,,,,,False,771.0
0bfd2910,phase4_tuning,Random Forest,2026-09-09T15:41:51.156618+00:00,2026-09-09T15:41:51.156633+00:00,,25,0.5,11,18,0.2777031840316124,0.0365437362480353,phase4_tuning,cv_trial,,,,,False,393.0
ce6e4a16,phase4_tuning,Random Forest,2026-09-09T15:41:51.191499+00:00,2026-09-09T15:41:51.191514+00:00,,7,0.5,2,7,0.1817445433255238,0.0406251289791314,phase4_tuning,cv_trial,,,,,False,610.0
756aac20,phase4_tuning,Random Forest,2026-09-09T15:41:51.225158+00:00,2026-09-09T15:41:51.225173+00:00,,18,,9,7,0.253237320823927,0.04950641330472,phase4_tuning,cv_trial,,,,,False,563.0
2f9ec23e,phase4_tuning,Random Forest,2026-09-09T15:41:51.259184+00:00,2026-09-09T15:41:51.259198+00:00,,5,0.5,4,20,0.2631558672553389,0.0333783488031875,phase4_tuning,cv_trial,,,,,True,445.0
99e88124,phase4_tuning,Random Forest,2026-09-09T15:41:51.296140+00:00,2026-09-09T15:41:51.296155+00:00,,21,0.5,7,34,0.2937536214126194,0.0339940335783062,phase4_tuning,cv_trial,,,,,True,739.0
ece58054,phase4_tuning,Random Forest,2026-09-09T15:41:51.331795+00:00,2026-09-09T15:41:51.331808+00:00,,20,,11,29,0.2914152455245583,0.0392181086692003,phase4_tuning,cv_trial,,,,,True,572.0
d24f1848,phase4_tuning,Random Forest,2026-09-09T15:41:51.366546+00:00,2026-09-09T15:41:51.366561+00:00,,25,sqrt,3,8,0.2245913590250109,0.0352970063529685,phase4_tuning,cv_trial,,,,,False,243.0
1e4f9a36,phase4_tuning,Random Forest,2026-09-09T15:41:51.401226+00:00,2026-09-09T15:41:51.401239+00:00,,18,,17,3,0.2925368087733249,0.0374291575197487,phase4_tuning,cv_trial,,,,,False,403.0
95bbf12b,phase4_tuning,Random Forest,2026-09-09T15:41:51.435118+00:00,2026-09-09T15:41:51.435133+00:00,,14,0.7,5,33,0.2460558719883901,0.0372879525853599,phase4_tuning,cv_trial,,,,,False,108.0
4cb956fd,phase4_tuning,Random Forest,2026-09-09T15:41:51.469608+00:00,2026-09-09T15:41:51.469623+00:00,,5,log2,16,17,0.3963899153151892,0.0320745358367162,phase4_tuning,cv_trial,,,,,True,230.0
0f29d5c8,phase4_tuning,Random Forest,2026-09-09T15:41:51.504130+00:00,2026-09-09T15:41:51.504143+00:00,,26,,11,9,0.2675501560567577,0.0460378561135682,phase4_tuning,cv_trial,,,,,False,519.0
b4ab620d,phase4_tuning,Random Forest,2026-09-09T15:41:51.535843+00:00,2026-09-09T15:41:51.535856+00:00,,10,0.5,3,26,0.2340619308234846,0.0411971683305848,phase4_tuning,cv_trial,,,,,False,198.0
a1fa6a55,phase4_tuning,Random Forest,2026-09-09T15:41:51.567683+00:00,2026-09-09T15:41:51.567701+00:00,,20,sqrt,2,36,0.3166237844948429,0.028378581961099,phase4_tuning,cv_trial,,,,,True,780.0
749d1e00,phase4_tuning,Random Forest,2026-09-09T15:41:51.601382+00:00,2026-09-09T15:41:51.601395+00:00,,3,0.5,1,15,0.2942357408476617,0.0335797464415537,phase4_tuning,cv_trial,,,,,False,376.0
27495faf,phase4_tuning,Random Forest,2026-09-09T15:41:51.635057+00:00,2026-09-09T15:41:51.635071+00:00,,22,log2,17,34,0.3594063800279052,0.0298893885563878,phase4_tuning,cv_trial,,,,,False,787.0
41d9d4ba,phase4_tuning,Random Forest,2026-09-09T15:41:51.668662+00:00,2026-09-09T15:41:51.668676+00:00,,29,log2,14,31,0.3436334931118506,0.0293650626087147,phase4_tuning,cv_trial,,,,,False,137.0
53cf70c9,phase4_tuning,Random Forest,2026-09-09T15:41:51.702413+00:00,2026-09-09T15:41:51.702426+00:00,,15,log2,8,28,0.3156918214450254,0.0294443193611546,phase4_tuning,cv_trial,,,,,False,126.0
26333c9a,phase4_tuning,Random Forest,2026-09-09T15:41:51.736076+00:00,2026-09-09T15:41:51.736091+00:00,,23,,15,34,0.2870737407769204,0.0384866820658292,phase4_tuning,cv_trial,,,,,False,552.0
743ddbb4,phase4_tuning,Random Forest,2026-09-09T15:41:51.769790+00:00,2026-09-09T15:41:51.769805+00:00,,18,log2,4,36,0.3059634306154079,0.0287922290152957,phase4_tuning,cv_trial,,,,,False,291.0
98ed1402,phase4_tuning,Random Forest,2026-09-09T15:41:51.804711+00:00,2026-09-09T15:41:51.804726+00:00,,19,0.5,14,7,0.3068099939104557,0.0317041719327336,phase4_tuning,cv_trial,,,,,True,198.0
8bb43f53,phase4_tuning,Random Forest,2026-09-09T15:41:51.840149+00:00,2026-09-09T15:41:51.840165+00:00,,11,0.7,17,32,0.2950872783455699,0.0345637595995291,phase4_tuning,cv_trial,,,,,False,198.0
4ddd1dd1,phase4_tuning,Random Forest,2026-09-09T15:41:51.876157+00:00,2026-09-09T15:41:51.876173+00:00,,3,0.5,1,4,0.2945868143991217,0.0329428463413387,phase4_tuning,cv_trial,,,,,False,227.0
a5cb3a74,phase4_tuning,Random Forest,2026-09-09T15:41:51.912136+00:00,2026-09-09T15:41:51.912155+00:00,,27,sqrt,3,25,0.2753735837871574,0.0309538361916328,phase4_tuning,cv_trial,,,,,False,725.0
d6612f7b,phase4_tuning,Random Forest,2026-09-09T15:41:51.950414+00:00,2026-09-09T15:41:51.950431+00:00,,17,sqrt,10,3,0.3089608867656602,0.0301497871921081,phase4_tuning,cv_trial,,,,,False,203.0
91f66eaf,phase4_tuning,Random Forest,2026-09-09T15:41:52.018771+00:00,2026-09-09T15:41:52.018787+00:00,,24,0.7,1,2,,,phase4_tuning,best_of_search,0.1704314816206871,0.311938848814761,0.9181456555429338,0.1477229404377953,False,502.0
05b32bea,phase4_tuning,Decision Tree,2026-09-12T12:23:11.100308+00:00,2026-09-12T12:23:11.100319+00:00,0.0074908023769472,16,log2,8,22,0.3905141896568568,0.0137871275456911,phase4_tuning,cv_trial,,,,,,
1b95665c,phase4_tuning,Decision Tree,2026-09-12T12:23:11.895368+00:00,2026-09-12T12:23:11.895381+00:00,0.0031203728088487,12,log2,4,25,0.34359056530908,0.0307925102713234,phase4_tuning,cv_trial,,,,,,
673d9a05,phase4_tuning,Decision Tree,2026-09-12T12:23:11.942435+00:00,2026-09-12T12:23:11.942448+00:00,0.013017769458977,3,0.5,6,3,0.3245397784459017,0.0294911912037085,phase4_tuning,cv_trial,,,,,,
6e61651d,phase4_tuning,Decision Tree,2026-09-12T12:23:11.974873+00:00,2026-09-12T12:23:11.974885+00:00,0.003636499344142,2,0.5,12,26,0.3476753537132175,0.0330927663592437,phase4_tuning,cv_trial,,,,,,
7431cee9,phase4_tuning,Decision Tree,2026-09-12T12:23:12.008810+00:00,2026-09-12T12:23:12.008823+00:00,0.0058245828039608,11,0.5,16,16,0.3304992194399186,0.0255747112958926,phase4_tuning,cv_trial,,,,,,
b46022e9,phase4_tuning,Decision Tree,2026-09-12T12:23:12.041446+00:00,2026-09-12T12:23:12.041458+00:00,0.0091213996843407,16,0.9,19,4,0.3443676263289564,0.0331603950152316,phase4_tuning,cv_trial,,,,,,
4b6915aa,phase4_tuning,Decision Tree,2026-09-12T12:23:12.074741+00:00,2026-09-12T12:23:12.074754+00:00,0.0171988081347264,8,0.7,9,19,0.3247494141397725,0.0596916339938099,phase4_tuning,cv_trial,,,,,,
bd9ebb16,phase4_tuning,Decision Tree,2026-09-12T12:23:12.107369+00:00,2026-09-12T12:23:12.107381+00:00,0.0189777107450666,15,sqrt,9,27,0.4019870928454023,0.0594351035863209,phase4_tuning,cv_trial,,,,,,
90dab533,phase4_tuning,Decision Tree,2026-09-12T12:23:12.140464+00:00,2026-09-12T12:23:12.140506+00:00,0.0019534422801276,16,0.5,7,9,0.2539362268220096,0.052050011946244,phase4_tuning,cv_trial,,,,,,
79dd2835,phase4_tuning,Decision Tree,2026-09-12T12:23:12.176898+00:00,2026-09-12T12:23:12.176911+00:00,0.0006877704223043,15,,4,5,0.1715050441104248,0.0585538011816148,phase4_tuning,cv_trial,,,,,,
0584ca8b,phase4_tuning,Decision Tree,2026-09-12T12:23:12.213626+00:00,2026-09-12T12:23:12.213637+00:00,0.0062342215217882,7,0.9,10,5,0.2896673362651465,0.0457625219016297,phase4_tuning,cv_trial,,,,,,
2c0a4fb9,phase4_tuning,Decision Tree,2026-09-12T12:23:12.248082+00:00,2026-09-12T12:23:12.248099+00:00,0.0036970891105105,19,sqrt,12,35,0.3659692653585322,0.0301492333633188,phase4_tuning,cv_trial,,,,,,
36c9fe53,phase4_tuning,Decision Tree,2026-09-12T12:23:12.281953+00:00,2026-09-12T12:23:12.281964+00:00,0.0079030047200362,5,0.9,16,16,0.3259695048999548,0.0370879361252004,phase4_tuning,cv_trial,,,,,,
96d63841,phase4_tuning,Decision Tree,2026-09-12T12:23:12.316992+00:00,2026-09-12T12:23:12.317005+00:00,0.0017698500410383,9,0.7,16,19,0.2874262111602124,0.0331383524593524,phase4_tuning,cv_trial,,,,,,
41b0e739,phase4_tuning,Decision Tree,2026-09-12T12:23:12.351998+00:00,2026-09-12T12:23:12.352010+00:00,0.0107938426477815,14,,15,2,0.3456522764152144,0.0293360757843917,phase4_tuning,cv_trial,,,,,,
73342882,phase4_tuning,Decision Tree,2026-09-12T12:23:12.384610+00:00,2026-09-12T12:23:12.384622+00:00,0.0003127281348238,10,,12,9,0.2783843013370868,0.0353450434767223,phase4_tuning,cv_trial,,,,,,
e5929ab3,phase4_tuning,Decision Tree,2026-09-12T12:23:12.420210+00:00,2026-09-12T12:23:12.420222+00:00,0.000110442342472,12,log2,17,9,0.3623205812865278,0.0387745190664256,phase4_tuning,cv_trial,,,,,,
61d8f420,phase4_tuning,Decision Tree,2026-09-12T12:23:12.454081+00:00,2026-09-12T12:23:12.454093+00:00,0.0145801433608197,2,log2,5,29,0.5783237404341628,0.0123926527474804,phase4_tuning,cv_trial,,,,,,
b18c27dd,phase4_tuning,Decision Tree,2026-09-12T12:23:12.487820+00:00,2026-09-12T12:23:12.487836+00:00,0.0172620685175118,9,0.5,2,34,0.3273469514207573,0.055953532780034,phase4_tuning,cv_trial,,,,,,
e58eb1b2,phase4_tuning,Decision Tree,2026-09-12T12:23:12.522822+00:00,2026-09-12T12:23:12.522833+00:00,0.0012711670057204,6,log2,12,23,0.3972568038913205,0.0437094910257625,phase4_tuning,cv_trial,,,,,,
40803b69,phase4_tuning,Decision Tree,2026-09-12T12:23:12.557907+00:00,2026-09-12T12:23:12.557919+00:00,0.0177442548515265,2,log2,5,15,0.5783237404341628,0.0123926527474804,phase4_tuning,cv_trial,,,,,,
db8ab776,phase4_tuning,Decision Tree,2026-09-12T12:23:12.594435+00:00,2026-09-12T12:23:12.594448+00:00,0.0169782764853216,6,sqrt,14,28,0.4330588056803123,0.0409887457105693,phase4_tuning,cv_trial,,,,,,
42369534,phase4_tuning,Decision Tree,2026-09-12T12:23:12.630110+00:00,2026-09-12T12:23:12.630121+00:00,0.0104546565876398,16,sqrt,10,14,0.3667555089327766,0.0571204593713746,phase4_tuning,cv_trial,,,,,,
1a6841ab,phase4_tuning,Decision Tree,2026-09-12T12:23:12.663870+00:00,2026-09-12T12:23:12.663882+00:00,0.0040343840467079,8,,4,31,0.2351540151732329,0.0370595048226071,phase4_tuning,cv_trial,,,,,,
17530be9,phase4_tuning,Decision Tree,2026-09-12T12:23:12.698025+00:00,2026-09-12T12:23:12.698048+00:00,0.0027866290881175,8,0.7,15,30,0.2982905130149229,0.0275078356796604,phase4_tuning,cv_trial,,,,,,
0881ee88,phase4_tuning,Decision Tree,2026-09-12T12:23:12.735377+00:00,2026-09-12T12:23:12.735389+00:00,0.0045759633098324,8,log2,19,23,0.381964933474283,0.033293111125711,phase4_tuning,cv_trial,,,,,,
fb92d3d2,phase4_tuning,Decision Tree,2026-09-12T12:23:12.772440+00:00,2026-09-12T12:23:12.772453+00:00,0.0176093567803051,11,0.7,6,29,0.2996385860091247,0.0408746772332257,phase4_tuning,cv_trial,,,,,,
ef498a57,phase4_tuning,Decision Tree,2026-09-12T12:23:12.807417+00:00,2026-09-12T12:23:12.807429+00:00,0.0160734415379822,13,0.5,11,29,0.3268057715616414,0.0361698946031143,phase4_tuning,cv_trial,,,,,,
02b8f6f2,phase4_tuning,Decision Tree,2026-09-12T12:23:12.841309+00:00,2026-09-12T12:23:12.841321+00:00,0.0071259567615394,2,,13,4,0.3049568009685879,0.0257559107997499,phase4_tuning,cv_trial,,,,,,
162908fa,phase4_tuning,Decision Tree,2026-09-12T12:23:12.875573+00:00,2026-09-12T12:23:12.875585+00:00,0.0001390426106238,9,log2,9,38,0.3623534466934549,0.0570170091367366,phase4_tuning,cv_trial,,,,,,
488d0bb7,phase4_tuning,Decision Tree,2026-09-12T12:23:12.910415+00:00,2026-09-12T12:23:12.910427+00:00,0.0138487206578054,11,0.5,15,33,0.3287412161916019,0.0414554074722656,phase4_tuning,cv_trial,,,,,,
2f9d0553,phase4_tuning,Decision Tree,2026-09-12T12:23:12.950015+00:00,2026-09-12T12:23:12.950041+00:00,0.0103758124348673,10,0.5,17,13,0.3293542711672931,0.0352404520368029,phase4_tuning,cv_trial,,,,,,
3604e22e,phase4_tuning,Decision Tree,2026-09-12T12:23:12.986730+00:00,2026-09-12T12:23:12.986743+00:00,0.0050356459165072,3,log2,17,38,0.4670815809966468,0.0518939277949853,phase4_tuning,cv_trial,,,,,,
2194aa83,phase4_tuning,Decision Tree,2026-09-12T12:23:13.023185+00:00,2026-09-12T12:23:13.023197+00:00,0.0056968098875493,18,log2,17,3,0.3717929986771569,0.0275958987731366,phase4_tuning,cv_trial,,,,,,
ab60c943,phase4_tuning,Decision Tree,2026-09-12T12:23:13.059889+00:00,2026-09-12T12:23:13.059900+00:00,0.0100535804645772,6,,1,20,0.3030525307581183,0.0292771945258322,phase4_tuning,cv_trial,,,,,,
f7b9e63b,phase4_tuning,Decision Tree,2026-09-12T12:23:13.095541+00:00,2026-09-12T12:23:13.095552+00:00,0.0136141090310953,13,sqrt,6,33,0.361104448733366,0.0349510422744814,phase4_tuning,cv_trial,,,,,,
6a179aa1,phase4_tuning,Decision Tree,2026-09-12T12:23:13.133312+00:00,2026-09-12T12:23:13.133323+00:00,0.0118539344775878,12,log2,17,39,0.388429584287717,0.0377581573604019,phase4_tuning,cv_trial,,,,,,
93c5715d,phase4_tuning,Decision Tree,2026-09-12T12:23:13.169367+00:00,2026-09-12T12:23:13.169381+00:00,0.007355662654385,3,0.9,11,17,0.3364148392979881,0.0307383923759634,phase4_tuning,cv_trial,,,,,,
d17bc055,phase4_tuning,Decision Tree,2026-09-12T12:23:13.204620+00:00,2026-09-12T12:23:13.204632+00:00,0.0167060499117847,7,0.7,3,21,0.3220278586695471,0.0441843125391144,phase4_tuning,cv_trial,,,,,,
2d9a4004,phase4_tuning,Decision Tree,2026-09-12T12:23:13.237442+00:00,2026-09-12T12:23:13.237462+00:00,0.0065191781040376,5,log2,3,20,0.3611905707947233,0.0318988161308766,phase4_tuning,cv_trial,,,,,,
1f1f6f24,phase4_tuning,Decision Tree,2026-09-12T12:23:13.269499+00:00,2026-09-12T12:23:13.269510+00:00,0.0069733197458345,8,0.5,9,34,0.3235127678814739,0.0249327713136379,phase4_tuning,cv_trial,,,,,,
66dcaae1,phase4_tuning,Decision Tree,2026-09-12T12:23:13.297909+00:00,2026-09-12T12:23:13.297920+00:00,0.0079514404217504,8,sqrt,8,2,0.3547723141411932,0.0633175137444909,phase4_tuning,cv_trial,,,,,,
fa0c65db,phase4_tuning,Decision Tree,2026-09-12T12:23:13.326344+00:00,2026-09-12T12:23:13.326355+00:00,0.0135138023407856,19,0.9,10,36,0.3301614084022433,0.0308339745266821,phase4_tuning,cv_trial,,,,,,
cf528975,phase4_tuning,Decision Tree,2026-09-12T12:23:13.355033+00:00,2026-09-12T12:23:13.355043+00:00,0.0045710004359459,17,sqrt,16,3,0.3802344312840833,0.0331416394296712,phase4_tuning,cv_trial,,,,,,
d81c1895,phase4_tuning,Decision Tree,2026-09-12T12:23:13.384374+00:00,2026-09-12T12:23:13.384385+00:00,0.0199250739951584,13,0.7,5,33,0.320678900770267,0.0239213905642628,phase4_tuning,cv_trial,,,,,,
501705d7,phase4_tuning,Decision Tree,2026-09-12T12:23:13.412825+00:00,2026-09-12T12:23:13.412835+00:00,0.0126620291454653,10,,3,20,0.3080354680983702,0.0343905741497243,phase4_tuning,cv_trial,,,,,,
2f67fe00,phase4_tuning,Decision Tree,2026-09-12T12:23:13.440787+00:00,2026-09-12T12:23:13.440797+00:00,0.0145191135774047,4,0.5,1,25,0.3107821810038305,0.0241712581167252,phase4_tuning,cv_trial,,,,,,
107c0974,phase4_tuning,Decision Tree,2026-09-12T12:23:13.470247+00:00,2026-09-12T12:23:13.470258+00:00,0.0170185689753502,18,0.5,6,21,0.3302651611293788,0.0619036456846292,phase4_tuning,cv_trial,,,,,,
2bde6e16,phase4_tuning,Decision Tree,2026-09-12T12:23:13.500206+00:00,2026-09-12T12:23:13.500216+00:00,0.011613732428729,17,0.9,3,26,0.3026136635701603,0.0395988180221326,phase4_tuning,cv_trial,,,,,,
63d7f73b,phase4_tuning,Decision Tree,2026-09-12T12:23:13.533637+00:00,2026-09-12T12:23:13.533650+00:00,0.0001012316769243,15,sqrt,2,36,0.290674851047541,0.0520014914788768,phase4_tuning,cv_trial,,,,,,
5a4fb1f7,phase4_tuning,Decision Tree,2026-09-12T12:23:13.568377+00:00,2026-09-12T12:23:13.568389+00:00,0.013039225190052,10,0.5,1,5,0.3207659904602433,0.0454645286669755,phase4_tuning,cv_trial,,,,,,
4c7b92dd,phase4_tuning,Decision Tree,2026-09-12T12:23:13.604254+00:00,2026-09-12T12:23:13.604268+00:00,0.004744981749936,17,0.5,8,8,0.3011155024368957,0.0396303586861864,phase4_tuning,cv_trial,,,,,,
99ac0076,phase4_tuning,Decision Tree,2026-09-12T12:23:13.639464+00:00,2026-09-12T12:23:13.639506+00:00,0.0144187984850425,2,0.5,19,23,0.3476753537132175,0.0330927663592437,phase4_tuning,cv_trial,,,,,,
22edf3e4,phase4_tuning,Decision Tree,2026-09-12T12:23:13.674328+00:00,2026-09-12T12:23:13.674339+00:00,0.0053040473536345,15,0.9,6,39,0.2600059187123854,0.0522431860130627,phase4_tuning,cv_trial,,,,,,
79bdee3d,phase4_tuning,Decision Tree,2026-09-12T12:23:13.707053+00:00,2026-09-12T12:23:13.707065+00:00,0.0078619544933352,9,log2,2,22,0.3905284860779333,0.0398557346919715,phase4_tuning,cv_trial,,,,,,
0a0a7b86,phase4_tuning,Decision Tree,2026-09-12T12:23:13.742405+00:00,2026-09-12T12:23:13.742417+00:00,0.0100527418621038,16,,5,20,0.3018019295075169,0.0311870263871542,phase4_tuning,cv_trial,,,,,,
fe23852b,phase4_tuning,Decision Tree,2026-09-12T12:23:13.774840+00:00,2026-09-12T12:23:13.774861+00:00,0.0114400839841836,18,,12,29,0.3430298075955625,0.0270009227752594,phase4_tuning,cv_trial,,,,,,
eef27c68,phase4_tuning,Decision Tree,2026-09-12T12:23:13.808579+00:00,2026-09-12T12:23:13.808592+00:00,0.0093988902798188,15,0.7,6,36,0.3134272203705152,0.022380101098512,phase4_tuning,cv_trial,,,,,,
4370e9df,phase4_tuning,Decision Tree,2026-09-12T12:23:13.840986+00:00,2026-09-12T12:23:13.840999+00:00,0.0149543754779482,6,0.7,17,32,0.3093939475998602,0.029508366154487,phase4_tuning,cv_trial,,,,,,
7cbfdfc3,phase4_tuning,Decision Tree,2026-09-12T12:23:13.873818+00:00,2026-09-12T12:23:13.873831+00:00,0.019272399541785,2,0.5,1,4,0.3476753537132175,0.0330927663592437,phase4_tuning,cv_trial,,,,,,
38e8523e,phase4_tuning,Decision Tree,2026-09-12T12:23:13.910053+00:00,2026-09-12T12:23:13.910065+00:00,0.0006877704223043,15,,4,5,,,phase4_tuning,best_of_search,0.216980976920992,0.3889235358064076,0.872757774823095,0.1715050441104248,,
364ac7b1,phase4_tuning,Random Forest,2026-09-12T12:24:45.792699+00:00,2026-09-12T12:24:45.792716+00:00,,22,0.7,15,9,0.3011397615449769,0.0361062875768487,phase4_tuning,cv_trial,,,,,True,120.0
8811c4e2,phase4_tuning,Random Forest,2026-09-12T12:24:45.831710+00:00,2026-09-12T12:24:45.831724+00:00,,28,log2,11,12,0.354638485479937,0.0272934082253559,phase4_tuning,cv_trial,,,,,True,187.0
1c925a6a,phase4_tuning,Random Forest,2026-09-12T12:24:45.864531+00:00,2026-09-12T12:24:45.864544+00:00,,6,log2,2,25,0.3195519106887214,0.0281876676534565,phase4_tuning,cv_trial,,,,,True,591.0
76e1f693,phase4_tuning,Random Forest,2026-09-12T12:24:45.898003+00:00,2026-09-12T12:24:45.898016+00:00,,8,sqrt,1,13,0.2376985589845476,0.0317897099718377,phase4_tuning,cv_trial,,,,,False,413.0
b2348d4a,phase4_tuning,Random Forest,2026-09-12T12:24:45.931408+00:00,2026-09-12T12:24:45.931422+00:00,,14,,17,28,0.2924502813533692,0.037410771623539,phase4_tuning,cv_trial,,,,,False,158.0
1c9940e7,phase4_tuning,Random Forest,2026-09-12T12:24:45.964815+00:00,2026-09-12T12:24:45.964828+00:00,,12,0.5,16,16,0.3105207226199987,0.0328812878269367,phase4_tuning,cv_trial,,,,,True,289.0
2b95102e,phase4_tuning,Random Forest,2026-09-12T12:24:46.000504+00:00,2026-09-12T12:24:46.000517+00:00,,17,log2,12,4,0.329403113893466,0.0288851525433848,phase4_tuning,cv_trial,,,,,False,584.0
7a029010,phase4_tuning,Random Forest,2026-09-12T12:24:46.036305+00:00,2026-09-12T12:24:46.036318+00:00,,9,0.7,9,19,0.2824043574496774,0.0355651661994302,phase4_tuning,cv_trial,,,,,True,487.0
6b241046,phase4_tuning,Random Forest,2026-09-12T12:24:46.070038+00:00,2026-09-12T12:24:46.070049+00:00,,16,sqrt,9,27,0.3336301637514632,0.0294277917787227,phase4_tuning,cv_trial,,,,,True,664.0
f7567c2e,phase4_tuning,Random Forest,2026-09-12T12:24:46.103404+00:00,2026-09-12T12:24:46.103417+00:00,,22,0.5,15,8,0.2959104449624664,0.0312397086852301,phase4_tuning,cv_trial,,,,,False,527.0
c3ce81fe,phase4_tuning,Random Forest,2026-09-12T12:24:46.137709+00:00,2026-09-12T12:24:46.137721+00:00,,10,log2,14,18,0.3799174700454631,0.0299835171557429,phase4_tuning,cv_trial,,,,,True,661.0
331c3cfa,phase4_tuning,Random Forest,2026-09-12T12:24:46.171376+00:00,2026-09-12T12:24:46.171388+00:00,,6,sqrt,6,5,0.2874851742055668,0.0295172232113008,phase4_tuning,cv_trial,,,,,False,576.0
7f747bfe,phase4_tuning,Random Forest,2026-09-12T12:24:46.205422+00:00,2026-09-12T12:24:46.205434+00:00,,20,sqrt,12,35,0.3553315533784904,0.0296009041668166,phase4_tuning,cv_trial,,,,,True,301.0
b47f9734,phase4_tuning,Random Forest,2026-09-12T12:24:46.239536+00:00,2026-09-12T12:24:46.239548+00:00,,6,0.5,8,22,0.2594052939065498,0.0375568757783826,phase4_tuning,cv_trial,,,,,False,437.0
a52eb4aa,phase4_tuning,Random Forest,2026-09-12T12:24:46.274028+00:00,2026-09-12T12:24:46.274041+00:00,,23,sqrt,13,30,0.3583702859803396,0.0325060854831773,phase4_tuning,cv_trial,,,,,True,114.0
80d89e58,phase4_tuning,Random Forest,2026-09-12T12:24:46.307202+00:00,2026-09-12T12:24:46.307215+00:00,,3,,7,10,0.2958430373828983,0.0339682503864461,phase4_tuning,cv_trial,,,,,True,443.0
4c3e4a59,phase4_tuning,Random Forest,2026-09-12T12:24:46.340847+00:00,2026-09-12T12:24:46.340860+00:00,,14,log2,19,18,0.4108066631271826,0.0336488055332234,phase4_tuning,cv_trial,,,,,True,491.0
4b71a96c,phase4_tuning,Random Forest,2026-09-12T12:24:46.375230+00:00,2026-09-12T12:24:46.375242+00:00,,5,,5,29,0.2600952705870276,0.038136408743248,phase4_tuning,cv_trial,,,,,True,234.0
b648a662,phase4_tuning,Random Forest,2026-09-12T12:24:46.410410+00:00,2026-09-12T12:24:46.410423+00:00,,10,0.5,2,34,0.2720829623194256,0.0329786576380151,phase4_tuning,cv_trial,,,,,True,147.0
7363e073,phase4_tuning,Random Forest,2026-09-12T12:24:46.446983+00:00,2026-09-12T12:24:46.446995+00:00,,25,0.7,3,23,0.2472210174768148,0.0382723077144511,phase4_tuning,cv_trial,,,,,True,646.0
77a7d972,phase4_tuning,Random Forest,2026-09-12T12:24:46.480271+00:00,2026-09-12T12:24:46.480283+00:00,,5,0.7,15,15,0.301377540351198,0.0351817318186816,phase4_tuning,cv_trial,,,,,True,742.0
01ae7cbe,phase4_tuning,Random Forest,2026-09-12T12:24:46.513990+00:00,2026-09-12T12:24:46.514002+00:00,,7,sqrt,14,28,0.3563111687134391,0.0301476797617531,phase4_tuning,cv_trial,,,,,True,492.0
79fb1f72,phase4_tuning,Random Forest,2026-09-12T12:24:46.547082+00:00,2026-09-12T12:24:46.547094+00:00,,17,sqrt,10,14,0.3343037184623993,0.0305680807506748,phase4_tuning,cv_trial,,,,,True,790.0
afce47ad,phase4_tuning,Random Forest,2026-09-12T12:24:46.580935+00:00,2026-09-12T12:24:46.580947+00:00,,9,,4,31,0.2541749251322391,0.0385758284585469,phase4_tuning,cv_trial,,,,,True,584.0
f0aa4193,phase4_tuning,Random Forest,2026-09-12T12:24:46.615042+00:00,2026-09-12T12:24:46.615055+00:00,,9,0.7,15,30,0.3013995995195088,0.0361687626141373,phase4_tuning,cv_trial,,,,,True,135.0
48eb2580,phase4_tuning,Random Forest,2026-09-12T12:24:46.650116+00:00,2026-09-12T12:24:46.650128+00:00,,9,log2,19,23,0.4086758471848101,0.0334088832492871,phase4_tuning,cv_trial,,,,,True,677.0
19265bf2,phase4_tuning,Random Forest,2026-09-12T12:24:46.687030+00:00,2026-09-12T12:24:46.687042+00:00,,15,,6,29,0.2288029967520243,0.04073680180382,phase4_tuning,cv_trial,,,,,False,127.0
1c099536,phase4_tuning,Random Forest,2026-09-12T12:24:46.723791+00:00,2026-09-12T12:24:46.723804+00:00,,14,0.5,11,29,0.2830397186188821,0.0359926083818663,phase4_tuning,cv_trial,,,,,False,572.0
51fcb2f0,phase4_tuning,Random Forest,2026-09-12T12:24:46.758853+00:00,2026-09-12T12:24:46.758866+00:00,,3,,13,4,0.315913652368056,0.0304147951632032,phase4_tuning,cv_trial,,,,,True,458.0
8786a23b,phase4_tuning,Random Forest,2026-09-12T12:24:46.793624+00:00,2026-09-12T12:24:46.793637+00:00,,10,log2,9,38,0.3286509384712254,0.0300655277925684,phase4_tuning,cv_trial,,,,,False,324.0
945c3ab6,phase4_tuning,Random Forest,2026-09-12T12:24:46.828966+00:00,2026-09-12T12:24:46.828979+00:00,,12,0.5,15,33,0.3094431926491549,0.0329190350552214,phase4_tuning,cv_trial,,,,,True,707.0
8724b73c,phase4_tuning,Random Forest,2026-09-12T12:24:46.866944+00:00,2026-09-12T12:24:46.866961+00:00,,11,0.5,17,13,0.3024117934533311,0.031053715758599,phase4_tuning,cv_trial,,,,,False,609.0
22c726e7,phase4_tuning,Random Forest,2026-09-12T12:24:46.905268+00:00,2026-09-12T12:24:46.905280+00:00,,4,log2,17,38,0.4025538979469852,0.0333746451080924,phase4_tuning,cv_trial,,,,,True,724.0
198fb01a,phase4_tuning,Random Forest,2026-09-12T12:24:46.942902+00:00,2026-09-12T12:24:46.942915+00:00,,19,log2,17,3,0.3601536690861455,0.0299571819500346,phase4_tuning,cv_trial,,,,,False,741.0
223ddb4a,phase4_tuning,Random Forest,2026-09-12T12:24:46.977718+00:00,2026-09-12T12:24:46.977730+00:00,,24,0.7,1,2,0.1477229404377953,0.0464697836668406,phase4_tuning,cv_trial,,,,,False,502.0
6168449d,phase4_tuning,Random Forest,2026-09-12T12:24:47.011091+00:00,2026-09-12T12:24:47.011103+00:00,,4,0.7,12,27,0.2973224096401609,0.0311710788376431,phase4_tuning,cv_trial,,,,,False,771.0
c619257f,phase4_tuning,Random Forest,2026-09-12T12:24:47.045442+00:00,2026-09-12T12:24:47.045454+00:00,,25,0.5,11,18,0.2777031840316124,0.0365437362480353,phase4_tuning,cv_trial,,,,,False,393.0
f0ac3f68,phase4_tuning,Random Forest,2026-09-12T12:24:47.079594+00:00,2026-09-12T12:24:47.079606+00:00,,7,0.5,2,7,0.1817445433255238,0.0406251289791314,phase4_tuning,cv_trial,,,,,False,610.0
a70a8b7d,phase4_tuning,Random Forest,2026-09-12T12:24:47.113567+00:00,2026-09-12T12:24:47.113580+00:00,,18,,9,7,0.253237320823927,0.04950641330472,phase4_tuning,cv_trial,,,,,False,563.0
3b3430d9,phase4_tuning,Random Forest,2026-09-12T12:24:47.148282+00:00,2026-09-12T12:24:47.148299+00:00,,5,0.5,4,20,0.2631558672553389,0.0333783488031875,phase4_tuning,cv_trial,,,,,True,445.0
3f6cd929,phase4_tuning,Random Forest,2026-09-12T12:24:47.183905+00:00,2026-09-12T12:24:47.183918+00:00,,21,0.5,7,34,0.2937536214126194,0.0339940335783062,phase4_tuning,cv_trial,,,,,True,739.0
ad9d9e51,phase4_tuning,Random Forest,2026-09-12T12:24:47.222690+00:00,2026-09-12T12:24:47.222702+00:00,,20,,11,29,0.2914152455245583,0.0392181086692003,phase4_tuning,cv_trial,,,,,True,572.0
296e5f42,phase4_tuning,Random Forest,2026-09-12T12:24:47.258689+00:00,2026-09-12T12:24:47.258701+00:00,,25,sqrt,3,8,0.2245913590250109,0.0352970063529685,phase4_tuning,cv_trial,,,,,False,243.0
53964110,phase4_tuning,Random Forest,2026-09-12T12:24:47.287041+00:00,2026-09-12T12:24:47.287051+00:00,,18,,17,3,0.2925368087733249,0.0374291575197487,phase4_tuning,cv_trial,,,,,False,403.0
9d13100c,phase4_tuning,Random Forest,2026-09-12T12:24:47.314518+00:00,2026-09-12T12:24:47.314529+00:00,,14,0.7,5,33,0.2460558719883901,0.0372879525853599,phase4_tuning,cv_trial,,,,,False,108.0
0809f8ca,phase4_tuning,Random Forest,2026-09-12T12:24:47.342218+00:00,2026-09-12T12:24:47.342228+00:00,,5,log2,16,17,0.3963899153151892,0.0320745358367162,phase4_tuning,cv_trial,,,,,True,230.0
319ee906,phase4_tuning,Random Forest,2026-09-12T12:24:47.369948+00:00,2026-09-12T12:24:47.369959+00:00,,26,,11,9,0.2675501560567577,0.0460378561135682,phase4_tuning,cv_trial,,,,,False,519.0
4a861341,phase4_tuning,Random Forest,2026-09-12T12:24:47.397936+00:00,2026-09-12T12:24:47.397946+00:00,,10,0.5,3,26,0.2340619308234846,0.0411971683305848,phase4_tuning,cv_trial,,,,,False,198.0
94535508,phase4_tuning,Random Forest,2026-09-12T12:24:47.426055+00:00,2026-09-12T12:24:47.426064+00:00,,20,sqrt,2,36,0.3166237844948429,0.028378581961099,phase4_tuning,cv_trial,,,,,True,780.0
004f28e1,phase4_tuning,Random Forest,2026-09-12T12:24:47.455577+00:00,2026-09-12T12:24:47.455587+00:00,,3,0.5,1,15,0.2942357408476617,0.0335797464415537,phase4_tuning,cv_trial,,,,,False,376.0
10e65441,phase4_tuning,Random Forest,2026-09-12T12:24:47.484727+00:00,2026-09-12T12:24:47.484738+00:00,,22,log2,17,34,0.3594063800279052,0.0298893885563878,phase4_tuning,cv_trial,,,,,False,787.0
ebd76c92,phase4_tuning,Random Forest,2026-09-12T12:24:47.513033+00:00,2026-09-12T12:24:47.513044+00:00,,29,log2,14,31,0.3436334931118506,0.0293650626087147,phase4_tuning,cv_trial,,,,,False,137.0
7646e24c,phase4_tuning,Random Forest,2026-09-12T12:24:47.541982+00:00,2026-09-12T12:24:47.541992+00:00,,15,log2,8,28,0.3156918214450254,0.0294443193611546,phase4_tuning,cv_trial,,,,,False,126.0
af980d2a,phase4_tuning,Random Forest,2026-09-12T12:24:47.571579+00:00,2026-09-12T12:24:47.571589+00:00,,23,,15,34,0.2870737407769204,0.0384866820658292,phase4_tuning,cv_trial,,,,,False,552.0
2d815440,phase4_tuning,Random Forest,2026-09-12T12:24:47.600828+00:00,2026-09-12T12:24:47.600839+00:00,,18,log2,4,36,0.3059634306154079,0.0287922290152957,phase4_tuning,cv_trial,,,,,False,291.0
60179205,phase4_tuning,Random Forest,2026-09-12T12:24:47.630661+00:00,2026-09-12T12:24:47.630671+00:00,,19,0.5,14,7,0.3068099939104557,0.0317041719327336,phase4_tuning,cv_trial,,,,,True,198.0
66b76793,phase4_tuning,Random Forest,2026-09-12T12:24:47.659344+00:00,2026-09-12T12:24:47.659353+00:00,,11,0.7,17,32,0.2950872783455699,0.0345637595995291,phase4_tuning,cv_trial,,,,,False,198.0
f898b8e0,phase4_tuning,Random Forest,2026-09-12T12:24:47.687030+00:00,2026-09-12T12:24:47.687041+00:00,,3,0.5,1,4,0.2945868143991217,0.0329428463413387,phase4_tuning,cv_trial,,,,,False,227.0
9587e68a,phase4_tuning,Random Forest,2026-09-12T12:24:47.715863+00:00,2026-09-12T12:24:47.715872+00:00,,27,sqrt,3,25,0.2753735837871574,0.0309538361916328,phase4_tuning,cv_trial,,,,,False,725.0
48894104,phase4_tuning,Random Forest,2026-09-12T12:24:47.744574+00:00,2026-09-12T12:24:47.744585+00:00,,17,sqrt,10,3,0.3089608867656602,0.0301497871921081,phase4_tuning,cv_trial,,,,,False,203.0
abf2947a,phase4_tuning,Random Forest,2026-09-12T12:24:47.798580+00:00,2026-09-12T12:24:47.798590+00:00,,24,0.7,1,2,,,phase4_tuning,best_of_search,0.1704314816206871,0.311938848814761,0.9181456555429338,0.1477229404377953,False,502.0
23a51787,phase4_tuning,Decision Tree,2026-09-12T17:23:16.997526+00:00,2026-09-12T17:23:16.997543+00:00,0.0074908023769472,16,log2,8,22,0.3905141896568568,0.0137871275456911,phase4_tuning,cv_trial,,,,,,
84716d1e,phase4_tuning,Decision Tree,2026-09-12T17:23:20.296710+00:00,2026-09-12T17:23:20.296743+00:00,0.0031203728088487,12,log2,4,25,0.34359056530908,0.0307925102713234,phase4_tuning,cv_trial,,,,,,
e4d3881f,phase4_tuning,Decision Tree,2026-09-12T17:23:20.472985+00:00,2026-09-12T17:23:20.473013+00:00,0.013017769458977,3,0.5,6,3,0.3245397784459017,0.0294911912037085,phase4_tuning,cv_trial,,,,,,
b1ed5377,phase4_tuning,Decision Tree,2026-09-12T17:23:20.656691+00:00,2026-09-12T17:23:20.656722+00:00,0.003636499344142,2,0.5,12,26,0.3476753537132175,0.0330927663592437,phase4_tuning,cv_trial,,,,,,
21c9f139,phase4_tuning,Decision Tree,2026-09-12T17:23:20.846415+00:00,2026-09-12T17:23:20.846437+00:00,0.0058245828039608,11,0.5,16,16,0.3304992194399186,0.0255747112958926,phase4_tuning,cv_trial,,,,,,
aaef53e3,phase4_tuning,Decision Tree,2026-09-12T17:23:21.015844+00:00,2026-09-12T17:23:21.015873+00:00,0.0091213996843407,16,0.9,19,4,0.3443676263289564,0.0331603950152316,phase4_tuning,cv_trial,,,,,,
9f54986a,phase4_tuning,Decision Tree,2026-09-12T17:23:21.200587+00:00,2026-09-12T17:23:21.200608+00:00,0.0171988081347264,8,0.7,9,19,0.3247494141397725,0.0596916339938099,phase4_tuning,cv_trial,,,,,,
b84ea520,phase4_tuning,Decision Tree,2026-09-12T17:23:21.394659+00:00,2026-09-12T17:23:21.394677+00:00,0.0189777107450666,15,sqrt,9,27,0.4019870928454023,0.0594351035863209,phase4_tuning,cv_trial,,,,,,
7e8014db,phase4_tuning,Decision Tree,2026-09-12T17:23:21.563343+00:00,2026-09-12T17:23:21.563367+00:00,0.0019534422801276,16,0.5,7,9,0.2539362268220096,0.052050011946244,phase4_tuning,cv_trial,,,,,,
c0c7ac13,phase4_tuning,Decision Tree,2026-09-12T17:23:21.713520+00:00,2026-09-12T17:23:21.713540+00:00,0.0006877704223043,15,,4,5,0.1715050441104248,0.0585538011816148,phase4_tuning,cv_trial,,,,,,
c9d72020,phase4_tuning,Decision Tree,2026-09-12T17:23:21.952708+00:00,2026-09-12T17:23:21.952732+00:00,0.0062342215217882,7,0.9,10,5,0.2896673362651465,0.0457625219016297,phase4_tuning,cv_trial,,,,,,
bd700e81,phase4_tuning,Decision Tree,2026-09-12T17:23:22.159334+00:00,2026-09-12T17:23:22.159351+00:00,0.0036970891105105,19,sqrt,12,35,0.3659692653585322,0.0301492333633188,phase4_tuning,cv_trial,,,,,,
221794a7,phase4_tuning,Decision Tree,2026-09-12T17:23:22.391103+00:00,2026-09-12T17:23:22.391130+00:00,0.0079030047200362,5,0.9,16,16,0.3259695048999548,0.0370879361252004,phase4_tuning,cv_trial,,,,,,
25980d47,phase4_tuning,Decision Tree,2026-09-12T17:23:22.558604+00:00,2026-09-12T17:23:22.558629+00:00,0.0017698500410383,9,0.7,16,19,0.2874262111602124,0.0331383524593524,phase4_tuning,cv_trial,,,,,,
d93799aa,phase4_tuning,Decision Tree,2026-09-12T17:23:22.747711+00:00,2026-09-12T17:23:22.747732+00:00,0.0107938426477815,14,,15,2,0.3456522764152144,0.0293360757843917,phase4_tuning,cv_trial,,,,,,
2a12d91f,phase4_tuning,Decision Tree,2026-09-12T17:23:22.962172+00:00,2026-09-12T17:23:22.962193+00:00,0.0003127281348238,10,,12,9,0.2783843013370868,0.0353450434767223,phase4_tuning,cv_trial,,,,,,
547c856b,phase4_tuning,Decision Tree,2026-09-12T17:23:23.146848+00:00,2026-09-12T17:23:23.146871+00:00,0.000110442342472,12,log2,17,9,0.3623205812865278,0.0387745190664256,phase4_tuning,cv_trial,,,,,,
9e147b7d,phase4_tuning,Decision Tree,2026-09-12T17:23:23.309326+00:00,2026-09-12T17:23:23.309351+00:00,0.0145801433608197,2,log2,5,29,0.5783237404341628,0.0123926527474804,phase4_tuning,cv_trial,,,,,,
e24df609,phase4_tuning,Decision Tree,2026-09-12T17:23:23.524607+00:00,2026-09-12T17:23:23.524638+00:00,0.0172620685175118,9,0.5,2,34,0.3273469514207573,0.055953532780034,phase4_tuning,cv_trial,,,,,,
ac67a4c1,phase4_tuning,Decision Tree,2026-09-12T17:23:23.750887+00:00,2026-09-12T17:23:23.750932+00:00,0.0012711670057204,6,log2,12,23,0.3972568038913205,0.0437094910257625,phase4_tuning,cv_trial,,,,,,
e5543359,phase4_tuning,Decision Tree,2026-09-12T17:23:23.975446+00:00,2026-09-12T17:23:23.975464+00:00,0.0177442548515265,2,log2,5,15,0.5783237404341628,0.0123926527474804,phase4_tuning,cv_trial,,,,,,
8c30aa1b,phase4_tuning,Decision Tree,2026-09-12T17:23:24.162862+00:00,2026-09-12T17:23:24.162890+00:00,0.0169782764853216,6,sqrt,14,28,0.4330588056803123,0.0409887457105693,phase4_tuning,cv_trial,,,,,,
29771515,phase4_tuning,Decision Tree,2026-09-12T17:23:24.339245+00:00,2026-09-12T17:23:24.339272+00:00,0.0104546565876398,16,sqrt,10,14,0.3667555089327766,0.0571204593713746,phase4_tuning,cv_trial,,,,,,
b3b6057d,phase4_tuning,Decision Tree,2026-09-12T17:23:24.546002+00:00,2026-09-12T17:23:24.546034+00:00,0.0040343840467079,8,,4,31,0.2351540151732329,0.0370595048226071,phase4_tuning,cv_trial,,,,,,
b1319e3f,phase4_tuning,Decision Tree,2026-09-12T17:23:24.731153+00:00,2026-09-12T17:23:24.731172+00:00,0.0027866290881175,8,0.7,15,30,0.2982905130149229,0.0275078356796604,phase4_tuning,cv_trial,,,,,,
e52a605d,phase4_tuning,Decision Tree,2026-09-12T17:23:24.888638+00:00,2026-09-12T17:23:24.888663+00:00,0.0045759633098324,8,log2,19,23,0.381964933474283,0.033293111125711,phase4_tuning,cv_trial,,,,,,
f6048d75,phase4_tuning,Decision Tree,2026-09-12T17:23:25.097511+00:00,2026-09-12T17:23:25.097542+00:00,0.0176093567803051,11,0.7,6,29,0.2996385860091247,0.0408746772332257,phase4_tuning,cv_trial,,,,,,
4c2ae487,phase4_tuning,Decision Tree,2026-09-12T17:23:25.277705+00:00,2026-09-12T17:23:25.277737+00:00,0.0160734415379822,13,0.5,11,29,0.3268057715616414,0.0361698946031143,phase4_tuning,cv_trial,,,,,,
2b123333,phase4_tuning,Decision Tree,2026-09-12T17:23:25.485693+00:00,2026-09-12T17:23:25.485720+00:00,0.0071259567615394,2,,13,4,0.3049568009685879,0.0257559107997499,phase4_tuning,cv_trial,,,,,,
fca39758,phase4_tuning,Decision Tree,2026-09-12T17:23:25.668562+00:00,2026-09-12T17:23:25.668580+00:00,0.0001390426106238,9,log2,9,38,0.3623534466934549,0.0570170091367366,phase4_tuning,cv_trial,,,,,,
0f6895be,phase4_tuning,Decision Tree,2026-09-12T17:23:25.795203+00:00,2026-09-12T17:23:25.795222+00:00,0.0138487206578054,11,0.5,15,33,0.3287412161916019,0.0414554074722656,phase4_tuning,cv_trial,,,,,,
c6f4f5cf,phase4_tuning,Decision Tree,2026-09-12T17:23:25.988719+00:00,2026-09-12T17:23:25.988748+00:00,0.0103758124348673,10,0.5,17,13,0.3293542711672931,0.0352404520368029,phase4_tuning,cv_trial,,,,,,
e2cd7097,phase4_tuning,Decision Tree,2026-09-12T17:23:26.185234+00:00,2026-09-12T17:23:26.185281+00:00,0.0050356459165072,3,log2,17,38,0.4670815809966468,0.0518939277949853,phase4_tuning,cv_trial,,,,,,
814e9a54,phase4_tuning,Decision Tree,2026-09-12T17:23:26.330810+00:00,2026-09-12T17:23:26.330830+00:00,0.0056968098875493,18,log2,17,3,0.3717929986771569,0.0275958987731366,phase4_tuning,cv_trial,,,,,,
1db1793a,phase4_tuning,Decision Tree,2026-09-12T17:23:26.513512+00:00,2026-09-12T17:23:26.513540+00:00,0.0100535804645772,6,,1,20,0.3030525307581183,0.0292771945258322,phase4_tuning,cv_trial,,,,,,
90569994,phase4_tuning,Decision Tree,2026-09-12T17:23:26.754546+00:00,2026-09-12T17:23:26.754568+00:00,0.0136141090310953,13,sqrt,6,33,0.361104448733366,0.0349510422744814,phase4_tuning,cv_trial,,,,,,
3d8c693f,phase4_tuning,Decision Tree,2026-09-12T17:23:26.931631+00:00,2026-09-12T17:23:26.931667+00:00,0.0118539344775878,12,log2,17,39,0.388429584287717,0.0377581573604019,phase4_tuning,cv_trial,,,,,,
300b1006,phase4_tuning,Decision Tree,2026-09-12T17:23:27.085553+00:00,2026-09-12T17:23:27.085576+00:00,0.007355662654385,3,0.9,11,17,0.3364148392979881,0.0307383923759634,phase4_tuning,cv_trial,,,,,,
649b2365,phase4_tuning,Decision Tree,2026-09-12T17:23:27.276415+00:00,2026-09-12T17:23:27.276457+00:00,0.0167060499117847,7,0.7,3,21,0.3220278586695471,0.0441843125391144,phase4_tuning,cv_trial,,,,,,
92b2428b,phase4_tuning,Decision Tree,2026-09-12T17:23:27.436964+00:00,2026-09-12T17:23:27.437011+00:00,0.0065191781040376,5,log2,3,20,0.3611905707947233,0.0318988161308766,phase4_tuning,cv_trial,,,,,,
4765262f,phase4_tuning,Decision Tree,2026-09-12T17:23:27.603756+00:00,2026-09-12T17:23:27.603783+00:00,0.0069733197458345,8,0.5,9,34,0.3235127678814739,0.0249327713136379,phase4_tuning,cv_trial,,,,,,
d64e39af,phase4_tuning,Decision Tree,2026-09-12T17:23:27.795464+00:00,2026-09-12T17:23:27.795492+00:00,0.0079514404217504,8,sqrt,8,2,0.3547723141411932,0.0633175137444909,phase4_tuning,cv_trial,,,,,,
13851ba9,phase4_tuning,Decision Tree,2026-09-12T17:23:27.984438+00:00,2026-09-12T17:23:27.984459+00:00,0.0135138023407856,19,0.9,10,36,0.3301614084022433,0.0308339745266821,phase4_tuning,cv_trial,,,,,,
9ee5d303,phase4_tuning,Decision Tree,2026-09-12T17:23:28.135175+00:00,2026-09-12T17:23:28.135195+00:00,0.0045710004359459,17,sqrt,16,3,0.3802344312840833,0.0331416394296712,phase4_tuning,cv_trial,,,,,,
21978474,phase4_tuning,Decision Tree,2026-09-12T17:23:28.318883+00:00,2026-09-12T17:23:28.318903+00:00,0.0199250739951584,13,0.7,5,33,0.320678900770267,0.0239213905642628,phase4_tuning,cv_trial,,,,,,
4af9fd0a,phase4_tuning,Decision Tree,2026-09-12T17:23:28.512882+00:00,2026-09-12T17:23:28.512904+00:00,0.0126620291454653,10,,3,20,0.3080354680983702,0.0343905741497243,phase4_tuning,cv_trial,,,,,,
d1f56d19,phase4_tuning,Decision Tree,2026-09-12T17:23:28.702875+00:00,2026-09-12T17:23:28.702902+00:00,0.0145191135774047,4,0.5,1,25,0.3107821810038305,0.0241712581167252,phase4_tuning,cv_trial,,,,,,
d4682b14,phase4_tuning,Decision Tree,2026-09-12T17:23:28.871715+00:00,2026-09-12T17:23:28.871742+00:00,0.0170185689753502,18,0.5,6,21,0.3302651611293788,0.0619036456846292,phase4_tuning,cv_trial,,,,,,
a52cba0a,phase4_tuning,Decision Tree,2026-09-12T17:23:29.045974+00:00,2026-09-12T17:23:29.046006+00:00,0.011613732428729,17,0.9,3,26,0.3026136635701603,0.0395988180221326,phase4_tuning,cv_trial,,,,,,
a3004b13,phase4_tuning,Decision Tree,2026-09-12T17:23:29.243951+00:00,2026-09-12T17:23:29.244003+00:00,0.0001012316769243,15,sqrt,2,36,0.290674851047541,0.0520014914788768,phase4_tuning,cv_trial,,,,,,
8fa3d470,phase4_tuning,Decision Tree,2026-09-12T17:23:29.529365+00:00,2026-09-12T17:23:29.529390+00:00,0.013039225190052,10,0.5,1,5,0.3207659904602433,0.0454645286669755,phase4_tuning,cv_trial,,,,,,
1b98e1da,phase4_tuning,Decision Tree,2026-09-12T17:23:29.715260+00:00,2026-09-12T17:23:29.715282+00:00,0.004744981749936,17,0.5,8,8,0.3011155024368957,0.0396303586861864,phase4_tuning,cv_trial,,,,,,
23eef745,phase4_tuning,Decision Tree,2026-09-12T17:23:29.925696+00:00,2026-09-12T17:23:29.925721+00:00,0.0144187984850425,2,0.5,19,23,0.3476753537132175,0.0330927663592437,phase4_tuning,cv_trial,,,,,,
6396f1b6,phase4_tuning,Decision Tree,2026-09-12T17:23:30.208719+00:00,2026-09-12T17:23:30.208748+00:00,0.0053040473536345,15,0.9,6,39,0.2600059187123854,0.0522431860130627,phase4_tuning,cv_trial,,,,,,
3d07df2a,phase4_tuning,Decision Tree,2026-09-12T17:23:30.529012+00:00,2026-09-12T17:23:30.529041+00:00,0.0078619544933352,9,log2,2,22,0.3905284860779333,0.0398557346919715,phase4_tuning,cv_trial,,,,,,
a38f5f41,phase4_tuning,Decision Tree,2026-09-12T17:23:30.795454+00:00,2026-09-12T17:23:30.795472+00:00,0.0100527418621038,16,,5,20,0.3018019295075169,0.0311870263871542,phase4_tuning,cv_trial,,,,,,
bf5bd55e,phase4_tuning,Decision Tree,2026-09-12T17:23:30.967614+00:00,2026-09-12T17:23:30.967643+00:00,0.0114400839841836,18,,12,29,0.3430298075955625,0.0270009227752594,phase4_tuning,cv_trial,,,,,,
b96d0d2b,phase4_tuning,Decision Tree,2026-09-12T17:23:31.196201+00:00,2026-09-12T17:23:31.196220+00:00,0.0093988902798188,15,0.7,6,36,0.3134272203705152,0.022380101098512,phase4_tuning,cv_trial,,,,,,
11b98fff,phase4_tuning,Decision Tree,2026-09-12T17:23:31.391964+00:00,2026-09-12T17:23:31.392012+00:00,0.0149543754779482,6,0.7,17,32,0.3093939475998602,0.029508366154487,phase4_tuning,cv_trial,,,,,,
e5d70951,phase4_tuning,Decision Tree,2026-09-12T17:23:31.567151+00:00,2026-09-12T17:23:31.567179+00:00,0.019272399541785,2,0.5,1,4,0.3476753537132175,0.0330927663592437,phase4_tuning,cv_trial,,,,,,
a673aad2,phase4_tuning,Decision Tree,2026-09-12T17:23:31.767723+00:00,2026-09-12T17:23:31.767760+00:00,0.0006877704223043,15,,4,5,,,phase4_tuning,best_of_search,0.216980976920992,0.3889235358064076,0.872757774823095,0.1715050441104248,,
c73252e6,phase4_tuning,Random Forest,2026-09-12T17:25:27.590259+00:00,2026-09-12T17:25:27.590271+00:00,,22,0.7,15,9,0.3011397615449769,0.0361062875768487,phase4_tuning,cv_trial,,,,,True,120.0
fd6ac905,phase4_tuning,Random Forest,2026-09-12T17:25:27.752502+00:00,2026-09-12T17:25:27.752520+00:00,,28,log2,11,12,0.354638485479937,0.0272934082253559,phase4_tuning,cv_trial,,,,,True,187.0
1b181d4f,phase4_tuning,Random Forest,2026-09-12T17:25:27.967949+00:00,2026-09-12T17:25:27.967970+00:00,,6,log2,2,25,0.3195519106887214,0.0281876676534565,phase4_tuning,cv_trial,,,,,True,591.0
95c64081,phase4_tuning,Random Forest,2026-09-12T17:25:28.136401+00:00,2026-09-12T17:25:28.136430+00:00,,8,sqrt,1,13,0.2376985589845476,0.0317897099718377,phase4_tuning,cv_trial,,,,,False,413.0
621fc8ba,phase4_tuning,Random Forest,2026-09-12T17:25:28.328685+00:00,2026-09-12T17:25:28.328705+00:00,,14,,17,28,0.2924502813533692,0.037410771623539,phase4_tuning,cv_trial,,,,,False,158.0
2a029790,phase4_tuning,Random Forest,2026-09-12T17:25:28.494983+00:00,2026-09-12T17:25:28.495003+00:00,,12,0.5,16,16,0.3105207226199987,0.0328812878269367,phase4_tuning,cv_trial,,,,,True,289.0
b6cefa99,phase4_tuning,Random Forest,2026-09-12T17:25:28.639836+00:00,2026-09-12T17:25:28.639853+00:00,,17,log2,12,4,0.329403113893466,0.0288851525433848,phase4_tuning,cv_trial,,,,,False,584.0
7b257918,phase4_tuning,Random Forest,2026-09-12T17:25:28.838739+00:00,2026-09-12T17:25:28.838757+00:00,,9,0.7,9,19,0.2824043574496774,0.0355651661994302,phase4_tuning,cv_trial,,,,,True,487.0
512dba02,phase4_tuning,Random Forest,2026-09-12T17:25:29.002484+00:00,2026-09-12T17:25:29.002513+00:00,,16,sqrt,9,27,0.3336301637514632,0.0294277917787227,phase4_tuning,cv_trial,,,,,True,664.0
bf190e65,phase4_tuning,Random Forest,2026-09-12T17:25:29.160705+00:00,2026-09-12T17:25:29.160726+00:00,,22,0.5,15,8,0.2959104449624664,0.0312397086852301,phase4_tuning,cv_trial,,,,,False,527.0
f1b14865,phase4_tuning,Random Forest,2026-09-12T17:25:29.340579+00:00,2026-09-12T17:25:29.340605+00:00,,10,log2,14,18,0.3799174700454631,0.0299835171557429,phase4_tuning,cv_trial,,,,,True,661.0
2cba9637,phase4_tuning,Random Forest,2026-09-12T17:25:29.524135+00:00,2026-09-12T17:25:29.524172+00:00,,6,sqrt,6,5,0.2874851742055668,0.0295172232113008,phase4_tuning,cv_trial,,,,,False,576.0
9b03e9de,phase4_tuning,Random Forest,2026-09-12T17:25:29.711868+00:00,2026-09-12T17:25:29.711887+00:00,,20,sqrt,12,35,0.3553315533784904,0.0296009041668166,phase4_tuning,cv_trial,,,,,True,301.0
fe89ae61,phase4_tuning,Random Forest,2026-09-12T17:25:29.934192+00:00,2026-09-12T17:25:29.934213+00:00,,6,0.5,8,22,0.2594052939065498,0.0375568757783826,phase4_tuning,cv_trial,,,,,False,437.0
73af0fa7,phase4_tuning,Random Forest,2026-09-12T17:25:30.159238+00:00,2026-09-12T17:25:30.159259+00:00,,23,sqrt,13,30,0.3583702859803396,0.0325060854831773,phase4_tuning,cv_trial,,,,,True,114.0
6f3d8fb9,phase4_tuning,Random Forest,2026-09-12T17:25:30.374098+00:00,2026-09-12T17:25:30.374141+00:00,,3,,7,10,0.2958430373828983,0.0339682503864461,phase4_tuning,cv_trial,,,,,True,443.0
02187f3d,phase4_tuning,Random Forest,2026-09-12T17:25:30.547787+00:00,2026-09-12T17:25:30.547806+00:00,,14,log2,19,18,0.4108066631271826,0.0336488055332234,phase4_tuning,cv_trial,,,,,True,491.0
3330c195,phase4_tuning,Random Forest,2026-09-12T17:25:30.742339+00:00,2026-09-12T17:25:30.742381+00:00,,5,,5,29,0.2600952705870276,0.038136408743248,phase4_tuning,cv_trial,,,,,True,234.0
39079337,phase4_tuning,Random Forest,2026-09-12T17:25:30.909042+00:00,2026-09-12T17:25:30.909072+00:00,,10,0.5,2,34,0.2720829623194256,0.0329786576380151,phase4_tuning,cv_trial,,,,,True,147.0
c9466c23,phase4_tuning,Random Forest,2026-09-12T17:25:31.353612+00:00,2026-09-12T17:25:31.353635+00:00,,25,0.7,3,23,0.2472210174768148,0.0382723077144511,phase4_tuning,cv_trial,,,,,True,646.0
2b9f2658,phase4_tuning,Random Forest,2026-09-12T17:25:31.565457+00:00,2026-09-12T17:25:31.565484+00:00,,5,0.7,15,15,0.301377540351198,0.0351817318186816,phase4_tuning,cv_trial,,,,,True,742.0
1da50362,phase4_tuning,Random Forest,2026-09-12T17:25:31.762375+00:00,2026-09-12T17:25:31.762397+00:00,,7,sqrt,14,28,0.3563111687134391,0.0301476797617531,phase4_tuning,cv_trial,,,,,True,492.0
bf38f941,phase4_tuning,Random Forest,2026-09-12T17:25:31.959160+00:00,2026-09-12T17:25:31.959200+00:00,,17,sqrt,10,14,0.3343037184623993,0.0305680807506748,phase4_tuning,cv_trial,,,,,True,790.0
991ac5b3,phase4_tuning,Random Forest,2026-09-12T17:25:32.166902+00:00,2026-09-12T17:25:32.166921+00:00,,9,,4,31,0.2541749251322391,0.0385758284585469,phase4_tuning,cv_trial,,,,,True,584.0
bcf4a3bf,phase4_tuning,Random Forest,2026-09-12T17:25:32.391116+00:00,2026-09-12T17:25:32.391147+00:00,,9,0.7,15,30,0.3013995995195088,0.0361687626141373,phase4_tuning,cv_trial,,,,,True,135.0
b154d9b1,phase4_tuning,Random Forest,2026-09-12T17:25:32.633561+00:00,2026-09-12T17:25:32.633589+00:00,,9,log2,19,23,0.4086758471848101,0.0334088832492871,phase4_tuning,cv_trial,,,,,True,677.0
7a0ce114,phase4_tuning,Random Forest,2026-09-12T17:25:32.869471+00:00,2026-09-12T17:25:32.869499+00:00,,15,,6,29,0.2288029967520243,0.04073680180382,phase4_tuning,cv_trial,,,,,False,127.0
0c8bd026,phase4_tuning,Random Forest,2026-09-12T17:25:33.119319+00:00,2026-09-12T17:25:33.119341+00:00,,14,0.5,11,29,0.2830397186188821,0.0359926083818663,phase4_tuning,cv_trial,,,,,False,572.0
082110e1,phase4_tuning,Random Forest,2026-09-12T17:25:33.357795+00:00,2026-09-12T17:25:33.357822+00:00,,3,,13,4,0.315913652368056,0.0304147951632032,phase4_tuning,cv_trial,,,,,True,458.0
7ac93a3a,phase4_tuning,Random Forest,2026-09-12T17:25:33.547358+00:00,2026-09-12T17:25:33.547379+00:00,,10,log2,9,38,0.3286509384712254,0.0300655277925684,phase4_tuning,cv_trial,,,,,False,324.0
2e4f2c5f,phase4_tuning,Random Forest,2026-09-12T17:25:33.767742+00:00,2026-09-12T17:25:33.767771+00:00,,12,0.5,15,33,0.3094431926491549,0.0329190350552214,phase4_tuning,cv_trial,,,,,True,707.0
3aea3de3,phase4_tuning,Random Forest,2026-09-12T17:25:33.975747+00:00,2026-09-12T17:25:33.975773+00:00,,11,0.5,17,13,0.3024117934533311,0.031053715758599,phase4_tuning,cv_trial,,,,,False,609.0
421b2c4e,phase4_tuning,Random Forest,2026-09-12T17:25:34.216878+00:00,2026-09-12T17:25:34.216904+00:00,,4,log2,17,38,0.4025538979469852,0.0333746451080924,phase4_tuning,cv_trial,,,,,True,724.0
ee0faaa4,phase4_tuning,Random Forest,2026-09-12T17:25:34.439634+00:00,2026-09-12T17:25:34.439662+00:00,,19,log2,17,3,0.3601536690861455,0.0299571819500346,phase4_tuning,cv_trial,,,,,False,741.0
c6fc8315,phase4_tuning,Random Forest,2026-09-12T17:25:34.659313+00:00,2026-09-12T17:25:34.659342+00:00,,24,0.7,1,2,0.1477229404377953,0.0464697836668406,phase4_tuning,cv_trial,,,,,False,502.0
6d4dae8a,phase4_tuning,Random Forest,2026-09-12T17:25:34.942060+00:00,2026-09-12T17:25:34.942081+00:00,,4,0.7,12,27,0.2973224096401609,0.0311710788376431,phase4_tuning,cv_trial,,,,,False,771.0
0b3f7787,phase4_tuning,Random Forest,2026-09-12T17:25:35.172095+00:00,2026-09-12T17:25:35.172130+00:00,,25,0.5,11,18,0.2777031840316124,0.0365437362480353,phase4_tuning,cv_trial,,,,,False,393.0
b191129a,phase4_tuning,Random Forest,2026-09-12T17:25:35.392806+00:00,2026-09-12T17:25:35.392827+00:00,,7,0.5,2,7,0.1817445433255238,0.0406251289791314,phase4_tuning,cv_trial,,,,,False,610.0
0eb2c67e,phase4_tuning,Random Forest,2026-09-12T17:25:35.721987+00:00,2026-09-12T17:25:35.722013+00:00,,18,,9,7,0.253237320823927,0.04950641330472,phase4_tuning,cv_trial,,,,,False,563.0
88b75466,phase4_tuning,Random Forest,2026-09-12T17:25:35.992166+00:00,2026-09-12T17:25:35.992198+00:00,,5,0.5,4,20,0.2631558672553389,0.0333783488031875,phase4_tuning,cv_trial,,,,,True,445.0
8fa35816,phase4_tuning,Random Forest,2026-09-12T17:25:36.268801+00:00,2026-09-12T17:25:36.268827+00:00,,21,0.5,7,34,0.2937536214126194,0.0339940335783062,phase4_tuning,cv_trial,,,,,True,739.0
e18acf10,phase4_tuning,Random Forest,2026-09-12T17:25:36.482959+00:00,2026-09-12T17:25:36.482985+00:00,,20,,11,29,0.2914152455245583,0.0392181086692003,phase4_tuning,cv_trial,,,,,True,572.0
85cd23bb,phase4_tuning,Random Forest,2026-09-12T17:25:36.675223+00:00,2026-09-12T17:25:36.675245+00:00,,25,sqrt,3,8,0.2245913590250109,0.0352970063529685,phase4_tuning,cv_trial,,,,,False,243.0
f3b764dd,phase4_tuning,Random Forest,2026-09-12T17:25:36.898180+00:00,2026-09-12T17:25:36.898205+00:00,,18,,17,3,0.2925368087733249,0.0374291575197487,phase4_tuning,cv_trial,,,,,False,403.0
9174cf31,phase4_tuning,Random Forest,2026-09-12T17:25:37.098293+00:00,2026-09-12T17:25:37.098320+00:00,,14,0.7,5,33,0.2460558719883901,0.0372879525853599,phase4_tuning,cv_trial,,,,,False,108.0
63a1cfef,phase4_tuning,Random Forest,2026-09-12T17:25:37.296967+00:00,2026-09-12T17:25:37.296988+00:00,,5,log2,16,17,0.3963899153151892,0.0320745358367162,phase4_tuning,cv_trial,,,,,True,230.0
2f9f77a7,phase4_tuning,Random Forest,2026-09-12T17:25:37.505740+00:00,2026-09-12T17:25:37.505890+00:00,,26,,11,9,0.2675501560567577,0.0460378561135682,phase4_tuning,cv_trial,,,,,False,519.0
b4d2afd0,phase4_tuning,Random Forest,2026-09-12T17:25:37.696618+00:00,2026-09-12T17:25:37.696646+00:00,,10,0.5,3,26,0.2340619308234846,0.0411971683305848,phase4_tuning,cv_trial,,,,,False,198.0
68f24290,phase4_tuning,Random Forest,2026-09-12T17:25:37.898381+00:00,2026-09-12T17:25:37.898407+00:00,,20,sqrt,2,36,0.3166237844948429,0.028378581961099,phase4_tuning,cv_trial,,,,,True,780.0
c431097e,phase4_tuning,Random Forest,2026-09-12T17:25:38.113315+00:00,2026-09-12T17:25:38.113339+00:00,,3,0.5,1,15,0.2942357408476617,0.0335797464415537,phase4_tuning,cv_trial,,,,,False,376.0
f02a529e,phase4_tuning,Random Forest,2026-09-12T17:25:38.370745+00:00,2026-09-12T17:25:38.370768+00:00,,22,log2,17,34,0.3594063800279052,0.0298893885563878,phase4_tuning,cv_trial,,,,,False,787.0
4c773b4a,phase4_tuning,Random Forest,2026-09-12T17:25:38.607214+00:00,2026-09-12T17:25:38.607232+00:00,,29,log2,14,31,0.3436334931118506,0.0293650626087147,phase4_tuning,cv_trial,,,,,False,137.0
85b2b7c7,phase4_tuning,Random Forest,2026-09-12T17:25:38.830632+00:00,2026-09-12T17:25:38.830652+00:00,,15,log2,8,28,0.3156918214450254,0.0294443193611546,phase4_tuning,cv_trial,,,,,False,126.0
92c93ee1,phase4_tuning,Random Forest,2026-09-12T17:25:39.046262+00:00,2026-09-12T17:25:39.046313+00:00,,23,,15,34,0.2870737407769204,0.0384866820658292,phase4_tuning,cv_trial,,,,,False,552.0
5879910f,phase4_tuning,Random Forest,2026-09-12T17:25:39.280840+00:00,2026-09-12T17:25:39.280888+00:00,,18,log2,4,36,0.3059634306154079,0.0287922290152957,phase4_tuning,cv_trial,,,,,False,291.0
8fcabd0a,phase4_tuning,Random Forest,2026-09-12T17:25:39.473666+00:00,2026-09-12T17:25:39.473702+00:00,,19,0.5,14,7,0.3068099939104557,0.0317041719327336,phase4_tuning,cv_trial,,,,,True,198.0
58408ee4,phase4_tuning,Random Forest,2026-09-12T17:25:39.690323+00:00,2026-09-12T17:25:39.690349+00:00,,11,0.7,17,32,0.2950872783455699,0.0345637595995291,phase4_tuning,cv_trial,,,,,False,198.0
750c3780,phase4_tuning,Random Forest,2026-09-12T17:25:39.886072+00:00,2026-09-12T17:25:39.886095+00:00,,3,0.5,1,4,0.2945868143991217,0.0329428463413387,phase4_tuning,cv_trial,,,,,False,227.0
48b32361,phase4_tuning,Random Forest,2026-09-12T17:25:40.095007+00:00,2026-09-12T17:25:40.095027+00:00,,27,sqrt,3,25,0.2753735837871574,0.0309538361916328,phase4_tuning,cv_trial,,,,,False,725.0
84702d1c,phase4_tuning,Random Forest,2026-09-12T17:25:40.302371+00:00,2026-09-12T17:25:40.302391+00:00,,17,sqrt,10,3,0.3089608867656602,0.0301497871921081,phase4_tuning,cv_trial,,,,,False,203.0
6040b809,phase4_tuning,Random Forest,2026-09-12T17:25:40.721892+00:00,2026-09-12T17:25:40.721909+00:00,,24,0.7,1,2,,,phase4_tuning,best_of_search,0.1704314816206871,0.311938848814761,0.9181456555429338,0.14772294043779538,False,502.0
